,Title,Price,Link
0,Salsa Soja Clasica Lee Kum Kee 500ml Soy Sauce Natural,3103.11,https://www.mercadolibre.com.ar/salsa-soja-clasica-lee-kum-kee-500ml-soy-sauce-natural/p/MLA19620985
1,Salsa De Soja Premium Lee Kum Kee 150 Ml,3332.0,https://www.mercadolibre.com.ar/salsa-de-soja-premium-lee-kum-kee-150-ml/p/MLA19799334
2,Salsa Hoisin Lee Kum Kee 397gr,4889.01,https://www.mercadolibre.com.ar/salsa-hoisin-lee-kum-kee-397gr/p/MLA19783111
3,Aderezo Teriyaki Tau Delta X 320 Grs,1090.0,https://www.mercadolibre.com.ar/aderezo-teriyaki-tau-delta-x-320-grs/p/MLA22893959
4,Salsa De Soja Oscura Con Champiñon Lee Kum Kee 500 Ml,3327.48,https://www.mercadolibre.com.ar/salsa-de-soja-oscura-con-champinon-lee-kum-kee-500-ml/p/MLA20004952
5,Salsa De Soja Premium Lee Kum Kee 500 Ml,4284.0,https://www.mercadolibre.com.ar/salsa-de-soja-premium-lee-kum-kee-500-ml/p/MLA20004287
6,Salsa De Soja Reducida En Sodio Lee Kum Kee 500 Ml,6290.0,https://www.mercadolibre.com.ar/salsa-de-soja-reducida-en-sodio-lee-kum-kee-500-ml/p/MLA20004275
7,Salsa Estilo Teriyaki Lee Kum Kee 250ml Aderezo Salteado,5564.0,https://www.mercadolibre.com.ar/salsa-estilo-teriyaki-lee-kum-kee-250ml-aderezo-salteado/p/MLA20004048
8,"Salsa De Soja  X1,9 L Lee Kum Kee",9236.0,https://www.mercadolibre.com.ar/salsa-de-soja-x19-l-lee-kum-kee/p/MLA19950547
9,Salsa De Soja Kikkoman 1 Litro - Origen Oriental ,7780.0,https://www.mercadolibre.com.ar/salsa-de-soja-kikkoman-1-litro-origen-oriental/p/MLA20004022
10,Salsa De Soja Red Cocinero X 500 Cc,892.8,https://articulo.mercadolibre.com.ar/MLA-1147036437-salsa-de-soja-red-cocinero-x-500-cc-_JM
11,Salsa De Soja 160 Ml Zero Azúcar Mrs Taste Sin Tacc,3255.0,https://www.mercadolibre.com.ar/salsa-de-soja-160-ml-zero-azucar-mrs-taste-sin-tacc/p/MLA20004263
12,Salsa De Soja Agiibo 5 Lts Aderezo Cocina  Comida Japonesa,4562.5,https://www.mercadolibre.com.ar/salsa-de-soja-agiibo-5-lts-aderezo-cocina-comida-japonesa/p/MLA20004654
13,Salsa De Soja Light Fumeiga 1lt Para Sushi Bajo Sodio Cocina,2464.0,https://www.mercadolibre.com.ar/salsa-de-soja-light-fumeiga-1lt-para-sushi-bajo-sodio-cocina/p/MLA23879282
14,Salsa De Soja Bitarwan X 1lt,1982.0,https://www.mercadolibre.com.ar/salsa-de-soja-bitarwan-x-1lt/p/MLA21832876
15,Salsa De Soja 5 Litros Hei Mei,5499.0,https://www.mercadolibre.com.ar/salsa-de-soja-5-litros-hei-mei/p/MLA21634407
16,Salsa De Soja Bitarwan X 5 Litros,6999.0,https://www.mercadolibre.com.ar/salsa-de-soja-bitarwan-x-5-litros/p/MLA21789434
17,Salsa De Soja Fumeiga Cremosa 1lt Para Sushi Cocina Japon,2725.2,https://www.mercadolibre.com.ar/salsa-de-soja-fumeiga-cremosa-1lt-para-sushi-cocina-japon/p/MLA22317515
18,Salsa De Soja Kikkoman 1.6l,12160.0,https://www.mercadolibre.com.ar/salsa-de-soja-kikkoman-16l/p/MLA24112193
19,Salsa De Soja Light Bitarwan X 1 L,1974.0,https://www.mercadolibre.com.ar/salsa-de-soja-light-bitarwan-x-1-l/p/MLA21832872
20,Salsa De Soja Yamasa Tradicional 148 Ml.  ,5684.0,https://articulo.mercadolibre.com.ar/MLA-934810406-salsa-de-soja-yamasa-tradicional-148-ml-_JM
21,Salsa De Soja 500ml Vanoli,1165.0,https://www.mercadolibre.com.ar/salsa-de-soja-500ml-vanoli/p/MLA22761646
22,"Salsa De Soja Premium 1,9 L. Marca Haday",7885.0,https://www.mercadolibre.com.ar/salsa-de-soja-premium-19-l-marca-haday/p/MLA21832868
23,Salsa De Soja Yamasa Tradicional 459 Ml,10183.0,https://www.mercadolibre.com.ar/salsa-de-soja-yamasa-tradicional-459-ml/p/MLA21783597
24,Salsa De Soja Premium X150ml Lee Kum Kee,4090.0,https://articulo.mercadolibre.com.ar/MLA-884714777-salsa-de-soja-premium-x150ml-lee-kum-kee-_JM
25,Salsa De Soja Bitarwan En Botella 500 ml,1151.0,https://www.mercadolibre.com.ar/salsa-de-soja-bitarwan-en-botella-500ml/p/MLA21825895
26,Salsa De Soja Sin Sal Agregada 500 Ml Marca: Darama,1875.0,https://www.mercadolibre.com.ar/salsa-de-soja-sin-sal-agregada-500-ml-marca-darama/p/MLA21237875
27,Salsa De Soja  Shoyu Sakura Tradicional 1 Lt 100% Natural Sakura - 1 - Unidad - 1 - 1 L (incluye: Es Salsa),4890.0,https://www.mercadolibre.com.ar/salsa-de-soja-shoyu-sakura-tradicional-1-lt-100-natural-sakura-1-unidad-1-1-l-incluye-es-salsa/p/MLA21832883
28,Salsa De Soja Kikkoman,4800.0,https://www.mercadolibre.com.ar/salsa-de-soja-kikkoman/p/MLA23705213
29,Salsa De Soja Sakanashi Etiqueta Amarilla  X 970 Cc.,2200.0,https://www.mercadolibre.com.ar/salsa-de-soja-sakanashi-etiqueta-amarilla-x-970-cc/p/MLA20004557
30,Salsa De Soja Cepera Sin Tacc 150 Ml,1695.0,https://www.mercadolibre.com.ar/salsa-de-soja-cepera-sin-tacc-150-ml/p/MLA20004256
31,Salsa De Soja X 250ml - Hashi,764.0,https://www.mercadolibre.com.ar/salsa-de-soja-x-250ml-hashi/p/MLA19734534
32,Salsa De Soja Gell Singh Sin Sal Agregada - 3 Unidades,2143.0,https://www.mercadolibre.com.ar/salsa-de-soja-gell-singh-sin-sal-agregada-3-unidades/p/MLA21825897
33,Salsa De Soja Vanoli X 5l Sin Tacc,5313.0,https://articulo.mercadolibre.com.ar/MLA-920356604-salsa-de-soja-vanoli-x-5l-sin-tacc-_JM
34,Salsa De Pescado X 1.6 Lt Origen: China,7790.0,https://www.mercadolibre.com.ar/salsa-de-pescado-x-16-lt-origen-china/p/MLA22725090
35,Salsa De Soja Reduccion La Parmesana X1und 300cc,711.9,https://articulo.mercadolibre.com.ar/MLA-881125475-salsa-de-soja-reduccion-la-parmesana-x1und-300cc-_JM
36,Salsa De Soja Gluten Free Healthy Boy Brand 300g Tailandia,2240.0,https://www.mercadolibre.com.ar/salsa-de-soja-gluten-free-healthy-boy-brand-300g-tailandia/p/MLA21972479
37,Salsa De Soja Yamasa Reducida En Sodio - Origen Japones,8290.0,https://www.mercadolibre.com.ar/salsa-de-soja-yamasa-reducida-en-sodio-origen-japones/p/MLA19855088
38,Salsa De Soja Premium X 2lt Marca: Fumeiga,7055.0,https://www.mercadolibre.com.ar/salsa-de-soja-premium-x-2lt-marca-fumeiga/p/MLA21215820
39,Salsa De Soja 300 Ml Origen: China  100% Natural,4090.0,https://www.mercadolibre.com.ar/salsa-de-soja-300-ml-origen-china-100-natural/p/MLA22936286
40,Salsa De Soja Hinomoto X 500 Ml Tradicional,2060.0,https://www.mercadolibre.com.ar/salsa-de-soja-hinomoto-x-500-ml-tradicional/p/MLA24588568
41,Salsa De Soja 5 Litros Cia Aceitunera,6956.42,https://articulo.mercadolibre.com.ar/MLA-731602957-salsa-de-soja-5-litros-cia-aceitunera-_JM
42,Salsa De Soja Tradicional 1 Lt - Bitarwan ,1974.0,https://articulo.mercadolibre.com.ar/MLA-855338478-salsa-de-soja-tradicional-1-lt-bitarwan-_JM
43,Salsa De Soja Hinomoto Ligth 5 L - Sin Gluten,8950.0,https://www.mercadolibre.com.ar/salsa-de-soja-hinomoto-ligth-5-l-sin-gluten/p/MLA22437785
44,Salsa De Soja X 1 Lt Marca: Wan Ja Shan Origen: China,5062.5,https://articulo.mercadolibre.com.ar/MLA-851571605-salsa-de-soja-x-1-lt-marca-wan-ja-shan-origen-china-_JM
45,Salsa De Soja Oscura 500 Ml Haday -origen Oriental.,2200.0,https://www.mercadolibre.com.ar/salsa-de-soja-oscura-500-ml-haday-origen-oriental/p/MLA21832878
46,Salsa De Soja Fermantación Natural 1 L. Marca Wan Ja Shan Wan Ja Shan Salsa De Soja Salsa - 1 - Unidad - 1 - Botella (incluye: Es Salsa),3450.0,https://www.mercadolibre.com.ar/salsa-de-soja-fermantacion-natural-1-l-marca-wan-ja-shan-wan-ja-shan-salsa-de-soja-salsa-1-unidad-1-botella-incluye-es-salsa/p/MLA22120731
47,Salsa De Soja 1.6 L - Kikkoman,12900.0,https://articulo.mercadolibre.com.ar/MLA-861247230-salsa-de-soja-16-l-kikkoman-_JM
48,Salsa De Soja Hinomoto X 500 Ml Light Suave,2060.0,https://www.mercadolibre.com.ar/salsa-de-soja-hinomoto-x-500-ml-light-suave/p/MLA24576317
49,Salsa De Soja Kikkoman Reducida En Sodio 500 Ml,6136.0,https://www.mercadolibre.com.ar/salsa-de-soja-kikkoman-reducida-en-sodio-500-ml/p/MLA21208136
50,Pack 6u Salsa De Soja Hinomoto 1 Lt ,22015.0,https://articulo.mercadolibre.com.ar/MLA-782150547-pack-6u-salsa-de-soja-hinomoto-1-lt-_JM
51,Salsa De Soja Fumeiga Estilo Japones O Cremosa 1000ml,2649.0,https://articulo.mercadolibre.com.ar/MLA-910155758-salsa-de-soja-fumeiga-estilo-japones-o-cremosa-1000ml-_JM
52,Salsa De Soja Premium 750 Ml. Marca Haday,4580.0,https://www.mercadolibre.com.ar/salsa-de-soja-premium-750-ml-marca-haday/p/MLA21825894
53,Salsa A Base De Tamarindo 220 Ml Marca Darama,2742.0,https://www.mercadolibre.com.ar/salsa-a-base-de-tamarindo-220-ml-marca-darama/p/MLA21186584
54,Salsa De Soja Fumeiga 5litros,6568.0,https://articulo.mercadolibre.com.ar/MLA-862406120-salsa-de-soja-fumeiga-5litros-_JM
55,Salsa De Soja Extra Bitarwan  X 250 Ml,1890.0,https://www.mercadolibre.com.ar/salsa-de-soja-extra-bitarwan-x-250-ml/p/MLA24275653
56,Salsa De Ostras 700 Gr. Marca Haday,3250.0,https://www.mercadolibre.com.ar/salsa-de-ostras-700-gr-marca-haday/p/MLA21832875
57,Salsa De Soja Sakanashi Tradicional 900 Ml,2300.0,https://articulo.mercadolibre.com.ar/MLA-853991164-salsa-de-soja-sakanashi-tradicional-900-ml-_JM
58,Salsa De Soja Yamasa Tradicional 148ml,5700.0,https://www.mercadolibre.com.ar/salsa-de-soja-yamasa-tradicional-148ml/p/MLA19775223
59,Salsa De Soja Lee Kum Kee Premium Importada - 500 Ml,5296.0,https://articulo.mercadolibre.com.ar/MLA-814687418-salsa-de-soja-lee-kum-kee-premium-importada-500-ml-_JM
60,Salsa De Soja Blister Bitarwan 169unid 45cc. Tradicional ,13890.0,https://articulo.mercadolibre.com.ar/MLA-1356367535-salsa-de-soja-blister-bitarwan-169unid-45cc-tradicional-_JM
61,Salsa De Soja Cepera 150 Ml. Origen Brasil,2650.0,https://articulo.mercadolibre.com.ar/MLA-1124627342-salsa-de-soja-cepera-150-ml-origen-brasil-_JM
62,Salsa Teriyaki Hashi 250ml,1321.0,https://www.mercadolibre.com.ar/salsa-teriyaki-hashi-250ml/p/MLA20945717
63,Salsa De Soja Sakanashi X5litros X2unid Apto Kosher +envío ,19450.0,https://articulo.mercadolibre.com.ar/MLA-1366270187-salsa-de-soja-sakanashi-x5litros-x2unid-apto-kosher-envio-_JM
64,Pack X5 Salsa De Soja Sabor Hongo X500ml Lee Kum Kee,24199.0,https://articulo.mercadolibre.com.ar/MLA-885000707-pack-x5-salsa-de-soja-sabor-hongo-x500ml-lee-kum-kee-_JM
65,Salsa De Soja Yamasa Baja En Sodio Soy Sauce,7699.0,https://www.mercadolibre.com.ar/salsa-de-soja-yamasa-baja-en-sodio-soy-sauce/p/MLA19638989
66,Lee Kum Kee Salsa De Soja 500ml,4389.0,https://articulo.mercadolibre.com.ar/MLA-881840276-lee-kum-kee-salsa-de-soja-500ml-_JM
67,Salsa De Soja Oscura Haday - 1.75 L,6470.0,https://www.mercadolibre.com.ar/salsa-de-soja-oscura-haday-175-l/p/MLA24740695
68,Salsa De Soja Sakanashi X 450 Cc ,1092.96,https://www.mercadolibre.com.ar/salsa-de-soja-sakanashi-x-450-cc/p/MLA20945710
69,Salsa De Soja Sakanashi X5litros ,9900.0,https://articulo.mercadolibre.com.ar/MLA-1140910746-salsa-de-soja-sakanashi-x5litros-_JM
70,Salsa De Soja Hinomoto Ligth 5 L - Sin Gluten ,9980.0,https://articulo.mercadolibre.com.ar/MLA-909221976-salsa-de-soja-hinomoto-ligth-5-l-sin-gluten-_JM
71,Salsa De Soja Bitarwan 45cc (blister) Ideal Delivery 169 Und,15722.0,https://articulo.mercadolibre.com.ar/MLA-655537688-salsa-de-soja-bitarwan-45cc-blister-ideal-delivery-169-und-_JM
72,Salsa De Soja Bitarwan Tradicional X5litros X2unid  ,15890.0,https://articulo.mercadolibre.com.ar/MLA-1398527666-salsa-de-soja-bitarwan-tradicional-x5litros-x2unid-_JM
73,Salsa De Soja Haday 8 Un X 380ml China,3390.0,https://www.mercadolibre.com.ar/salsa-de-soja-haday-8-un-x-380ml-china/p/MLA24266810
74,Salsa De Soja X 5 Lt Marca: Fumeiga,5995.0,https://articulo.mercadolibre.com.ar/MLA-872493053-salsa-de-soja-x-5-lt-marca-fumeiga-_JM
75,Salsa Soja Sakanashi Kosher Bidón 5l Envios A Todo El Pais,8999.0,https://articulo.mercadolibre.com.ar/MLA-860104214-salsa-soja-sakanashi-kosher-bidon-5l-envios-a-todo-el-pais-_JM
76,Salsa De Soja Fumeiga Sachet 10 Cc X 100u Delivery,3740.0,https://articulo.mercadolibre.com.ar/MLA-780442036-salsa-de-soja-fumeiga-sachet-10-cc-x-100u-delivery-_JM
77,Salsa Soja Sakanashi 5 Litros Apto Kosher Envios A Todo,8999.0,https://articulo.mercadolibre.com.ar/MLA-851804953-salsa-soja-sakanashi-5-litros-apto-kosher-envios-a-todo-_JM
78,Salsa De Soja Dulce 400 Ml Origen: Tailandia,2135.0,https://www.mercadolibre.com.ar/salsa-de-soja-dulce-400-ml-origen-tailandia/p/MLA21168747
79,Salsa De Soja Fumeiga Premiun X 5 L,6850.0,https://www.mercadolibre.com.ar/salsa-de-soja-fumeiga-premiun-x-5-l/p/MLA20004992
80,Salsa De Soja Light Bitarwan Presentación 250cc Exquisita,1125.0,https://www.mercadolibre.com.ar/salsa-de-soja-light-bitarwan-presentacion-250cc-exquisita/p/MLA24240511
81,Salsa De Soja Sin Sal Gell Singh X 180 Cc Kosher,1227.0,https://articulo.mercadolibre.com.ar/MLA-883178058-salsa-de-soja-sin-sal-gell-singh-x-180-cc-kosher-_JM
82,Salsa De Soja Yamasa Reducida En Sodio - Origen Japones,12647.0,https://articulo.mercadolibre.com.ar/MLA-884049865-salsa-de-soja-yamasa-reducida-en-sodio-origen-japones-_JM
83,Salsa De Soja Wadakan X 1 Lt,5350.0,https://www.mercadolibre.com.ar/salsa-de-soja-wadakan-x-1-lt/p/MLA21237728
84,Salsa De Soja Shoyu Estilo Japonés X 500 Ml,1489.0,https://www.mercadolibre.com.ar/salsa-de-soja-shoyu-estilo-japones-x-500-ml/p/MLA21213043
85,Salsa De Soja Reducida En Sodio Lee Kum Kee 500 Ml,6349.0,https://articulo.mercadolibre.com.ar/MLA-1363539881-salsa-de-soja-reducida-en-sodio-lee-kum-kee-500-ml-_JM
86,Salsa De Soja Premium - Fumeiga - 5 Lts.,8190.0,https://articulo.mercadolibre.com.ar/MLA-1233131996-salsa-de-soja-premium-fumeiga-5-lts-_JM
87,Salsa De Soja - Kikkoman - 1.6 Lts. Origen Oriental.,15990.0,https://articulo.mercadolibre.com.ar/MLA-1273450256-salsa-de-soja-kikkoman-16-lts-origen-oriental-_JM
88,Salsa De Soja Sakanashi Etiqueta Amarilla  X 970 Cc.,2265.0,https://articulo.mercadolibre.com.ar/MLA-849967688-salsa-de-soja-sakanashi-etiqueta-amarilla-x-970-cc-_JM
89,Salsa De Soja Enrico Baronese X 5 L Ventas X Mayor Y Menor,5500.0,https://articulo.mercadolibre.com.ar/MLA-1104001529-salsa-de-soja-enrico-baronese-x-5-l-ventas-x-mayor-y-menor-_JM
90,Pack X3 Salsa De Soja X500ml Lee Kum Kee,13999.0,https://articulo.mercadolibre.com.ar/MLA-883277724-pack-x3-salsa-de-soja-x500ml-lee-kum-kee-_JM
91,Salsa De Soja - Fumeiga - Sachet 10cc X 100 Unidades.,3890.0,https://articulo.mercadolibre.com.ar/MLA-1165535642-salsa-de-soja-fumeiga-sachet-10cc-x-100-unidades-_JM
92,Salsa De Soja Dulce 190 Gr.,1899.0,https://www.mercadolibre.com.ar/salsa-de-soja-dulce-190-gr/p/MLA21251333
93,Salsa De Soja Vanoli 1l Sin Tacc ,1549.0,https://articulo.mercadolibre.com.ar/MLA-913468952-salsa-de-soja-vanoli-1l-sin-tacc-_JM
94,Salsa De Soja - Yamasa - 1 Lt. Origen Japón.,9990.0,https://articulo.mercadolibre.com.ar/MLA-1278607772-salsa-de-soja-yamasa-1-lt-origen-japon-_JM
95,Salsa De Soja Fumeiga Premiun X 5 L,7967.0,https://articulo.mercadolibre.com.ar/MLA-1428955032-salsa-de-soja-fumeiga-premiun-x-5-l-_JM
96,Salsa De Soja Gell Singh Sin Sodio 180 Cc - 3 Unidades,3097.0,https://articulo.mercadolibre.com.ar/MLA-1152308701-salsa-de-soja-gell-singh-sin-sodio-180-cc-3-unidades-_JM
97,Gluten Free- Salsa De Soja Hinomoto 500 Ml.,2390.0,https://articulo.mercadolibre.com.ar/MLA-1160746919-gluten-free-salsa-de-soja-hinomoto-500-ml-_JM
98,Salsa De Soja Sakura Tradicional O Light Importado 1000ml ,3749.0,https://articulo.mercadolibre.com.ar/MLA-910149836-salsa-de-soja-sakura-tradicional-o-light-importado-1000ml-_JM
99,Salsa De Soja Bitarwan Tradicional X5litros ,7400.0,https://articulo.mercadolibre.com.ar/MLA-1383049515-salsa-de-soja-bitarwan-tradicional-x5litros-_JM
100,Salsa De Soja Fumeiga Sachet 10 Cc X 100u ,3396.0,https://articulo.mercadolibre.com.ar/MLA-825169437-salsa-de-soja-fumeiga-sachet-10-cc-x-100u-_JM
101,Salsas Tahití Soja Pack X 6 Unidades. Y También Otros Gustos,4313.0,https://articulo.mercadolibre.com.ar/MLA-1451894990-salsas-tahiti-soja-pack-x-6-unidades-y-tambien-otros-gustos-_JM
102,Salsa De Soja Light Hinomoto 1 Litro Importado Brasil,3459.0,https://articulo.mercadolibre.com.ar/MLA-1150446320-salsa-de-soja-light-hinomoto-1-litro-importado-brasil-_JM
103,Pampa Gourmet Salsa Teriyaki Con Vino Torrontes X 285grs,2299.0,https://www.mercadolibre.com.ar/pampa-gourmet-salsa-teriyaki-con-vino-torrontes-x-285grs/p/MLA19686593
104,Salsa De Soja Premium Lee Kum Kee 500ml Importado,4819.0,https://articulo.mercadolibre.com.ar/MLA-912094293-salsa-de-soja-premium-lee-kum-kee-500ml-importado-_JM
105,Salsa De Soja X500ml Lee Kum Kee,4510.0,https://articulo.mercadolibre.com.ar/MLA-883276926-salsa-de-soja-x500ml-lee-kum-kee-_JM
106,Pack X4 Salsa De Soja X500ml Lee Kum Kee,18799.0,https://articulo.mercadolibre.com.ar/MLA-883278285-pack-x4-salsa-de-soja-x500ml-lee-kum-kee-_JM
107,Pack X 3  Salsas - Soja + Ostra + Teriyaki. Origen Oriental.,8690.0,https://articulo.mercadolibre.com.ar/MLA-1361775681-pack-x-3-salsas-soja-ostra-teriyaki-origen-oriental-_JM
108,Salsa De Soja Hinomoto 1 Litro Sin Gluten - Origen Brasil,3150.0,https://articulo.mercadolibre.com.ar/MLA-876845902-salsa-de-soja-hinomoto-1-litro-sin-gluten-origen-brasil-_JM
109,Salsa De Soja Bitarwan Blister 45cc Envios 169 Und,9999.0,https://articulo.mercadolibre.com.ar/MLA-865028736-salsa-de-soja-bitarwan-blister-45cc-envios-169-und-_JM
110,Salsa De Soja Yamasa X 500 Ml,5410.0,https://www.mercadolibre.com.ar/salsa-de-soja-yamasa-x-500-ml/p/MLA20004338
111,Salsa De Soja Light  Reducida En Sodio Cepera 270 Ml.,4645.0,https://articulo.mercadolibre.com.ar/MLA-1408955912-salsa-de-soja-light-reducida-en-sodio-cepera-270-ml-_JM
112,Salsa De Soja Premium Marca Fumeiga 1 Lt,2500.0,https://articulo.mercadolibre.com.ar/MLA-1103693547-salsa-de-soja-premium-marca-fumeiga-1-lt-_JM
113,Salsa De Soja Soy Sauce 500 Ml - Fumeiga,1165.0,https://articulo.mercadolibre.com.ar/MLA-880331049-salsa-de-soja-soy-sauce-500-ml-fumeiga-_JM
114,Salsa De Soja Premium 1 Litro - Fumeiga,2464.0,https://articulo.mercadolibre.com.ar/MLA-876436198-salsa-de-soja-premium-1-litro-fumeiga-_JM
115,Salsa De Soja Yamasa Reducida En Sodio 148 Ml.  ,7104.0,https://articulo.mercadolibre.com.ar/MLA-934810713-salsa-de-soja-yamasa-reducida-en-sodio-148-ml-_JM
116,Salsa Tonkatsu 250 Ml Hashi - Origen Argentina,1196.0,https://www.mercadolibre.com.ar/salsa-tonkatsu-250-ml-hashi-origen-argentina/p/MLA21268394
117,Salsa De Soja Bitarwan 5 Lt X 4 Und + Envio Gratis ,34695.0,https://articulo.mercadolibre.com.ar/MLA-1371376059-salsa-de-soja-bitarwan-5-lt-x-4-und-envio-gratis-_JM
118,Salsa De Soja Premium - Hinomoto - 1 Litro. Origen Brasil.,4619.88,https://articulo.mercadolibre.com.ar/MLA-1276054413-salsa-de-soja-premium-hinomoto-1-litro-origen-brasil-_JM
119,Salsa De Soja Bidon X 5 Litros Marca Hei Men,5225.0,https://articulo.mercadolibre.com.ar/MLA-1104210266-salsa-de-soja-bidon-x-5-litros-marca-hei-men-_JM
120,Salsa De Soja Cremosa Marca Fumeiga 1 Lt,2812.5,https://articulo.mercadolibre.com.ar/MLA-1103716870-salsa-de-soja-cremosa-marca-fumeiga-1-lt-_JM
121,Salsa De Soja Dulce 970g - Origen Tailandia Tailandia Soja Dulce Salsa - 1 - Unidad - 1 - 970 Ml - 970 G - Botella (incluye: Es Salsa),5235.0,https://www.mercadolibre.com.ar/salsa-de-soja-dulce-970g-origen-tailandia-tailandia-soja-dulce-salsa-1-unidad-1-970-ml-970-g-botella-incluye-es-salsa/p/MLA23487003
122,Salsa De Soja Tradicional 5 L - Hinomoto ,9980.0,https://articulo.mercadolibre.com.ar/MLA-918614770-salsa-de-soja-tradicional-5-l-hinomoto-_JM
123,"Salsa De Soja Tradicional X1,90l Uso Gastronómico Lee Kumkee",9735.0,https://articulo.mercadolibre.com.ar/MLA-819637560-salsa-de-soja-tradicional-x190l-uso-gastronomico-lee-kumkee-_JM
124,Salsa De Soja Light Fumeiga 1lt Para Sushi Bajo Sodio Cocina,2655.0,https://articulo.mercadolibre.com.ar/MLA-689635082-salsa-de-soja-light-fumeiga-1lt-para-sushi-bajo-sodio-cocina-_JM
125,"Salsa De Soja Light X500g, Lee Kum Kee",6761.0,https://articulo.mercadolibre.com.ar/MLA-930872440-salsa-de-soja-light-x500g-lee-kum-kee-_JM
126,Salsa De Soja Yamasa Tradicional Soy Sauce - 01mercado,12647.0,https://articulo.mercadolibre.com.ar/MLA-1100178639-salsa-de-soja-yamasa-tradicional-soy-sauce-01mercado-_JM
127,Salsa De Soja Yamasa Reducida En Sodio 148 Ml,6700.0,https://articulo.mercadolibre.com.ar/MLA-916042004-salsa-de-soja-yamasa-reducida-en-sodio-148-ml-_JM
128,Salsa De Soja - Agiibo - 5 Lts. Ideal Uso Gastronómico,6990.0,https://www.mercadolibre.com.ar/salsa-de-soja-agiibo-5-lts-ideal-uso-gastronomico/p/MLA24065498
129,Salsa De Soja En Sachet 10 Cc X 100 U Sushi Cocina Japonesa,4370.0,https://articulo.mercadolibre.com.ar/MLA-689949722-salsa-de-soja-en-sachet-10-cc-x-100-u-sushi-cocina-japonesa-_JM
130,Blister Salsa Soja Bitarwan 45 Cc - Caja X 169 Und,13817.0,https://articulo.mercadolibre.com.ar/MLA-782017656-blister-salsa-soja-bitarwan-45-cc-caja-x-169-und-_JM
131,Salsa De Soja Agiibo 5 L - Ideal Uso Gastronómico ,6046.0,https://articulo.mercadolibre.com.ar/MLA-923768005-salsa-de-soja-agiibo-5-l-ideal-uso-gastronomico-_JM
132,Salsa De Soja Lee Kum Kee Premium 150 Ml,3670.0,https://articulo.mercadolibre.com.ar/MLA-853994998-salsa-de-soja-lee-kum-kee-premium-150-ml-_JM
133,Salsa De Soja En Blíster 40gr X 60 Uni Sushi Comida Japonesa,9399.0,https://articulo.mercadolibre.com.ar/MLA-1112481950-salsa-de-soja-en-blister-40gr-x-60-uni-sushi-comida-japonesa-_JM
134,Salsa De Soja Oscura 500 Ml Marca Haday,3187.5,https://articulo.mercadolibre.com.ar/MLA-1470618770-salsa-de-soja-oscura-500-ml-marca-haday-_JM
135,Salsa De Soja Gell Singh Sin Sal Agregada - 500 Ml,1100.0,https://articulo.mercadolibre.com.ar/MLA-815199654-salsa-de-soja-gell-singh-sin-sal-agregada-500-ml-_JM
136,Pack X2 Salsa De Soja Sabor Hongo X500ml Lee Kum Kee,9999.0,https://articulo.mercadolibre.com.ar/MLA-884999473-pack-x2-salsa-de-soja-sabor-hongo-x500ml-lee-kum-kee-_JM
137,Salsa De Soja Reducida En Sodio X 148 Ml Yamasa,6900.0,https://articulo.mercadolibre.com.ar/MLA-866663263-salsa-de-soja-reducida-en-sodio-x-148-ml-yamasa-_JM
138,Salsa De Soja 500 Ml Kikkoman - Origen Japon,5858.0,https://articulo.mercadolibre.com.ar/MLA-875712005-salsa-de-soja-500-ml-kikkoman-origen-japon-_JM
139,Salsa De Soja Yamasa Tradicional 148 Ml. Origen Usa ,5684.0,https://articulo.mercadolibre.com.ar/MLA-934812489-salsa-de-soja-yamasa-tradicional-148-ml-origen-usa-_JM
140,Salsa De Soja Kikkoman Koikuchi 1 Lt Producto De Japón,9295.0,https://www.mercadolibre.com.ar/salsa-de-soja-kikkoman-koikuchi-1-lt-producto-de-japon/p/MLA24740699
141,Salsa De Soja Fumeiga En Sachet X 100u Ideal Delivery,3500.0,https://articulo.mercadolibre.com.ar/MLA-923108628-salsa-de-soja-fumeiga-en-sachet-x-100u-ideal-delivery-_JM
142,Salsa De Soja Fumeiga Premiun 5 Lt X 4 Und,33683.0,https://articulo.mercadolibre.com.ar/MLA-1428956516-salsa-de-soja-fumeiga-premiun-5-lt-x-4-und-_JM
143,Salsa De Soja Vanoli 190ml Sin Tacc ,851.0,https://www.mercadolibre.com.ar/salsa-de-soja-vanoli-190ml-sin-tacc/p/MLA21213050
144,Salsa De Soja Fumeiga X 5 L,6709.0,https://articulo.mercadolibre.com.ar/MLA-677873945-salsa-de-soja-fumeiga-x-5-l-_JM
145,Salsa De Soja Hinomoto Light Envase Vertedor 1 Lt,3849.0,https://articulo.mercadolibre.com.ar/MLA-1114947540-salsa-de-soja-hinomoto-light-envase-vertedor-1-lt-_JM
146,"Mrs Taste Salsa De Soja Sin Calorias, Baja En Sodio Brasil",4049.0,https://articulo.mercadolibre.com.ar/MLA-1123517725-mrs-taste-salsa-de-soja-sin-calorias-baja-en-sodio-brasil-_JM
147,Salsa De Soja Vanoli 190ml Sin Tacc  X6 Unidades,3857.0,https://articulo.mercadolibre.com.ar/MLA-1106970125-salsa-de-soja-vanoli-190ml-sin-tacc-x6-unidades-_JM
148,Salsa Soja Tahiti Blíster 40gr X 180u Sushi Comida Japonesa,13581.0,https://articulo.mercadolibre.com.ar/MLA-1147595863-salsa-soja-tahiti-blister-40gr-x-180u-sushi-comida-japonesa-_JM
149,Salsa De Soja Con Jengibre Cepera 130ml.,4395.0,https://articulo.mercadolibre.com.ar/MLA-1408908476-salsa-de-soja-con-jengibre-cepera-130ml-_JM
150,Salsa De Soja Fumeiga Tradicional 1 Litro,2330.0,https://articulo.mercadolibre.com.ar/MLA-910152396-salsa-de-soja-fumeiga-tradicional-1-litro-_JM
151,Salsa De Soja Fumeiga Tradicional 500ml,1329.0,https://articulo.mercadolibre.com.ar/MLA-927731245-salsa-de-soja-fumeiga-tradicional-500ml-_JM
152,Salsa De Soja - Sakanashi - 5 Lts.,14890.0,https://articulo.mercadolibre.com.ar/MLA-1209399231-salsa-de-soja-sakanashi-5-lts-_JM
153,Salsa De Soja Fincas Arezzo X500ml ,1697.56,https://articulo.mercadolibre.com.ar/MLA-918619599-salsa-de-soja-fincas-arezzo-x500ml-_JM
154,Salsa De Soja En Blíster 60 Uni X 30gr Sushi Comida Japonesa,4508.0,https://articulo.mercadolibre.com.ar/MLA-1497940528-salsa-de-soja-en-blister-60-uni-x-30gr-sushi-comida-japonesa-_JM
155,Salsa De Soja Certificada Organica X 900 Ml Fermento Natural,6850.0,https://articulo.mercadolibre.com.ar/MLA-831300088-salsa-de-soja-certificada-organica-x-900-ml-fermento-natural-_JM
156,Pack X 3 Salsa De Soja Extra Bitarwan  X 1 L,6578.0,https://articulo.mercadolibre.com.ar/MLA-931233883-pack-x-3-salsa-de-soja-extra-bitarwan-x-1-l-_JM
157,Salsa De Soja Extra Bitarwan  X 1 L,2555.0,https://www.mercadolibre.com.ar/salsa-de-soja-extra-bitarwan-x-1-l/p/MLA25987076
158,Salsa De Soja De Soja Dulce 190 Gr.,1937.5,https://articulo.mercadolibre.com.ar/MLA-930704378-salsa-de-soja-de-soja-dulce-190-gr-_JM
159,Salsa De Soja Levemente Salada 500 Ml - Fumeiga ,1357.0,https://articulo.mercadolibre.com.ar/MLA-1169745058-salsa-de-soja-levemente-salada-500-ml-fumeiga-_JM
160,Salsa De Soja 5l Sakanashi,11410.0,https://articulo.mercadolibre.com.ar/MLA-1355390054-salsa-de-soja-5l-sakanashi-_JM
161,Salsa De Soja Light Bitarwan X 500 Cc,1151.0,https://www.mercadolibre.com.ar/salsa-de-soja-light-bitarwan-x-500-cc/p/MLA24432420
162,Salsa De Soja Sakanashi Sabor Fuerte 970ml,2789.0,https://articulo.mercadolibre.com.ar/MLA-910159783-salsa-de-soja-sakanashi-sabor-fuerte-970ml-_JM
163,Salsa De Soja Kikkoman X 500 Ml. Origen Oriental.,5490.0,https://articulo.mercadolibre.com.ar/MLA-1161206649-salsa-de-soja-kikkoman-x-500-ml-origen-oriental-_JM
164,Salsa De Soja Cepera 1 Litro Origen Brasil Pack X3,11450.0,https://articulo.mercadolibre.com.ar/MLA-929589999-salsa-de-soja-cepera-1-litro-origen-brasil-pack-x3-_JM
165,"Pack X2 Salsa De Soja  X1,9 L Lee Kum Kee",21499.0,https://articulo.mercadolibre.com.ar/MLA-885005418-pack-x2-salsa-de-soja-x19-l-lee-kum-kee-_JM
166,Salsa De Soja Hinomoto 1 Lt ,3565.0,https://articulo.mercadolibre.com.ar/MLA-782150309-salsa-de-soja-hinomoto-1-lt-_JM
167,"Salsa De Soja X500g, Lee Kum Kee",4216.0,https://articulo.mercadolibre.com.ar/MLA-1286404392-salsa-de-soja-x500g-lee-kum-kee-_JM
168,Salsa De Soja Sakanashi 970 Ml Para Sushi Cocina Japonesa,3306.0,https://articulo.mercadolibre.com.ar/MLA-902567734-salsa-de-soja-sakanashi-970-ml-para-sushi-cocina-japonesa-_JM
169,Pack 2 Bidones X 5 L Salsa De Soja Bitarwan Tradicional ,15670.0,https://articulo.mercadolibre.com.ar/MLA-1101758390-pack-2-bidones-x-5-l-salsa-de-soja-bitarwan-tradicional-_JM
170,Pack X4 Salsa De Soja Sabor Hongo X500ml Lee Kum Kee,19299.0,https://articulo.mercadolibre.com.ar/MLA-885001367-pack-x4-salsa-de-soja-sabor-hongo-x500ml-lee-kum-kee-_JM
171,Salsa De Soja Yamasa 150 Ml. - Origen Japón.,7299.0,https://articulo.mercadolibre.com.ar/MLA-1144943698-salsa-de-soja-yamasa-150-ml-origen-japon-_JM
172,Salsa De Soja Oscura Haday - 1.75 L,8990.0,https://articulo.mercadolibre.com.ar/MLA-1335181198-salsa-de-soja-oscura-haday-175-l-_JM
173,Salsa De Soja Reducida En Sodio Hinomoto Light X 1 ,3370.0,https://articulo.mercadolibre.com.ar/MLA-1135282625-salsa-de-soja-reducida-en-sodio-hinomoto-light-x-1-_JM
174,Salsa De Soja Bitarwan Light X 250 Ml,1224.0,https://articulo.mercadolibre.com.ar/MLA-877673076-salsa-de-soja-bitarwan-light-x-250-ml-_JM
175,Salsa De Soja Hinomoto 5 Lt Sin Tacc - Apta Celiacos,12119.0,https://articulo.mercadolibre.com.ar/MLA-782150679-salsa-de-soja-hinomoto-5-lt-sin-tacc-apta-celiacos-_JM
176,Salsa De Soja Cremosa 250 Ml,1437.5,https://www.mercadolibre.com.ar/salsa-de-soja-cremosa-250-ml/p/MLA26855742
177,Salsa De Soja Bitarwan Tradicional Bidón X5l,10909.0,https://articulo.mercadolibre.com.ar/MLA-1131528304-salsa-de-soja-bitarwan-tradicional-bidon-x5l-_JM
178,Salsa De Soja Ranqueles Quehuen - 250 Ml,1630.0,https://articulo.mercadolibre.com.ar/MLA-935173739-salsa-de-soja-ranqueles-quehuen-250-ml-_JM
179,Salsa De Soja Sakura Tradicional 20 L - Sin Gluten + Envio,33228.0,https://articulo.mercadolibre.com.ar/MLA-767617419-salsa-de-soja-sakura-tradicional-20-l-sin-gluten-envio-_JM
180,Salsa De Soja Cremosa 500 Cc Bitarwan Ideal Sushi,2587.0,https://articulo.mercadolibre.com.ar/MLA-709393899-salsa-de-soja-cremosa-500-cc-bitarwan-ideal-sushi-_JM
181,Salsa Hoisin 260 Gr Suree Brand Tailandia,2470.0,https://www.mercadolibre.com.ar/salsa-hoisin-260-gr-suree-brand-tailandia/p/MLA25987071
182,Salsa De Soja Premium  X 500ml Lee Kum Kee,4999.0,https://articulo.mercadolibre.com.ar/MLA-879267782-salsa-de-soja-premium-x-500ml-lee-kum-kee-_JM
183,Salsa De Soja En Blíster 30gr X 180u Sushi Comida Japonesa,13725.0,https://articulo.mercadolibre.com.ar/MLA-882469128-salsa-de-soja-en-blister-30gr-x-180u-sushi-comida-japonesa-_JM
184,Salsa De Soja Hashi Apto Vegano 250ml,1690.0,https://articulo.mercadolibre.com.ar/MLA-924490645-salsa-de-soja-hashi-apto-vegano-250ml-_JM
185,Salsa De Soja Premium - Fumeiga 500 Ml.,1726.42,https://articulo.mercadolibre.com.ar/MLA-1233175536-salsa-de-soja-premium-fumeiga-500-ml-_JM
186,Fumeiga Salsa De Soja Premium 500ml,1529.0,https://articulo.mercadolibre.com.ar/MLA-882861211-fumeiga-salsa-de-soja-premium-500ml-_JM
187,Pack X2 Salsa De Soja X500ml Lee Kum Kee,9399.0,https://articulo.mercadolibre.com.ar/MLA-883277678-pack-x2-salsa-de-soja-x500ml-lee-kum-kee-_JM
188,Salsa De Soja Superior 1000 Ml - Fermentacion Natural,4730.0,https://articulo.mercadolibre.com.ar/MLA-1145251513-salsa-de-soja-superior-1000-ml-fermentacion-natural-_JM
189,Pack X 3 Salsa De Soja Bitarwan Light X 500 Ml,3202.0,https://articulo.mercadolibre.com.ar/MLA-885026080-pack-x-3-salsa-de-soja-bitarwan-light-x-500-ml-_JM
190,Salsa De Soja China Superior 300 Ml - Fermentación Natural,1273.05,https://articulo.mercadolibre.com.ar/MLA-1145257396-salsa-de-soja-china-superior-300-ml-fermentacion-natural-_JM
191,Salsa De Soja Etiqueta Amarilla - Sakanashi - 970 Cc.,2995.0,https://articulo.mercadolibre.com.ar/MLA-1209869038-salsa-de-soja-etiqueta-amarilla-sakanashi-970-cc-_JM
192,Salsa De Soja 500 Ml - Lee Kum Kee ,4182.0,https://articulo.mercadolibre.com.ar/MLA-851160234-salsa-de-soja-500-ml-lee-kum-kee-_JM
193,Salsa De Soja X180g La Clarita,1174.0,https://articulo.mercadolibre.com.ar/MLA-1285500371-salsa-de-soja-x180g-la-clarita-_JM
194,Salsa De Soja Sakanashi Tradicional 970ml,2459.0,https://articulo.mercadolibre.com.ar/MLA-910160042-salsa-de-soja-sakanashi-tradicional-970ml-_JM
195,Hinomoto Salsa De Soja Baja En Sodio 150ml,2125.0,https://www.mercadolibre.com.ar/hinomoto-salsa-de-soja-baja-en-sodio-150ml/p/MLA24601769
196,Pack X5 Salsa De Soja Premium X150ml Lee Kum Kee,20480.0,https://articulo.mercadolibre.com.ar/MLA-885005143-pack-x5-salsa-de-soja-premium-x150ml-lee-kum-kee-_JM
197,Pack X4 Salsa De Soja Premium  X 500ml Lee Kum Kee,20900.0,https://articulo.mercadolibre.com.ar/MLA-879915730-pack-x4-salsa-de-soja-premium-x-500ml-lee-kum-kee-_JM
198,Salsa De Soja Hinomoto 20 Lt Sin Tacc - Apta Celiacos,30147.0,https://articulo.mercadolibre.com.ar/MLA-1374251005-salsa-de-soja-hinomoto-20-lt-sin-tacc-apta-celiacos-_JM
199,Salsa De Soja Sakanahi 5 Litros,9700.0,https://articulo.mercadolibre.com.ar/MLA-816722748-salsa-de-soja-sakanahi-5-litros-_JM
200,Salsa De Soja Hinomoto Light 20 Lt Sin Tacc - Apta Celiacos,30147.0,https://articulo.mercadolibre.com.ar/MLA-1436567052-salsa-de-soja-hinomoto-light-20-lt-sin-tacc-apta-celiacos-_JM
201,Salsa De Soja Vanoli 1l Sin Tacc X 6 Unidades,8045.0,https://articulo.mercadolibre.com.ar/MLA-1106970263-salsa-de-soja-vanoli-1l-sin-tacc-x-6-unidades-_JM
202,Salsa De Soja Agiibo X 5 Lts Agiibo Salsa De Soja - 5 L (incluye: Es Salsa),9333.0,https://www.mercadolibre.com.ar/salsa-de-soja-agiibo-x-5-lts-agiibo-salsa-de-soja-5-l-incluye-es-salsa/p/MLA23817003
203,Salsa De Soja Yamasa X 1 Lt,9295.0,https://articulo.mercadolibre.com.ar/MLA-853490181-salsa-de-soja-yamasa-x-1-lt-_JM
204,Salsa De Soja Con Hongos X 500 Ml Marca: Haday,3312.5,https://articulo.mercadolibre.com.ar/MLA-851571356-salsa-de-soja-con-hongos-x-500-ml-marca-haday-_JM
205,Salsa De Soja Lee Kum Kee 500 Ml China,3911.0,https://articulo.mercadolibre.com.ar/MLA-778458557-salsa-de-soja-lee-kum-kee-500-ml-china-_JM
206,Salsa De Soja - Kikkoman - 1 Lt. - Origen Oriental.,8790.0,https://articulo.mercadolibre.com.ar/MLA-1207277527-salsa-de-soja-kikkoman-1-lt-origen-oriental-_JM
207,Salsa De Soja Fumeiga Premium O Levemente Salada 1000ml,2789.0,https://articulo.mercadolibre.com.ar/MLA-910154218-salsa-de-soja-fumeiga-premium-o-levemente-salada-1000ml-_JM
208,Salsa De Soja Dietética 800 Ml - Origen China,1968.0,https://articulo.mercadolibre.com.ar/MLA-882529030-salsa-de-soja-dietetica-800-ml-origen-china-_JM
209,Salsa Soja Soya Premium X500ml Lee Kum Kee La Mejor,4685.0,https://articulo.mercadolibre.com.ar/MLA-884912246-salsa-soja-soya-premium-x500ml-lee-kum-kee-la-mejor-_JM
210,Caja Salsa De Soja Para Delivery Bitarwan X 338u 45cc,28855.0,https://articulo.mercadolibre.com.ar/MLA-779468505-caja-salsa-de-soja-para-delivery-bitarwan-x-338u-45cc-_JM
211,Salsa De Soja Vanoli Sin Tacc 5 Lt Pack X 3 Und,19125.0,https://articulo.mercadolibre.com.ar/MLA-1105990920-salsa-de-soja-vanoli-sin-tacc-5-lt-pack-x-3-und-_JM
212,Salsa De Soja Baja En Sodio 500 Ml - Lee Kum Kee,6706.0,https://articulo.mercadolibre.com.ar/MLA-881455912-salsa-de-soja-baja-en-sodio-500-ml-lee-kum-kee-_JM
213,Salsa De Soja X2l Fincas Arezzo,5106.72,https://articulo.mercadolibre.com.ar/MLA-918529438-salsa-de-soja-x2l-fincas-arezzo-_JM
214,Salsa De Soja En Blíster 40gr X 180u Sushi Comida Japonesa,16007.0,https://articulo.mercadolibre.com.ar/MLA-1175035001-salsa-de-soja-en-blister-40gr-x-180u-sushi-comida-japonesa-_JM
215,Pack X6 Salsa De Soja Premium X150ml Lee Kum Kee,24581.0,https://articulo.mercadolibre.com.ar/MLA-885005222-pack-x6-salsa-de-soja-premium-x150ml-lee-kum-kee-_JM
216,Pack X6 Salsa De Soja X500ml Lee Kum Kee,27999.0,https://articulo.mercadolibre.com.ar/MLA-883279109-pack-x6-salsa-de-soja-x500ml-lee-kum-kee-_JM
217,Salsa De Soja Picante 425 G Fridays - Tgi,4674.0,https://articulo.mercadolibre.com.ar/MLA-1144484020-salsa-de-soja-picante-425-g-fridays-tgi-_JM
218,Salsa De Soja Estilo Japonesa 1 L - Fumeiga,2755.0,https://articulo.mercadolibre.com.ar/MLA-1123804542-salsa-de-soja-estilo-japonesa-1-l-fumeiga-_JM
219,Salsa De Soja Light Hinomoto 1 Litro - Origen Brasil,3150.0,https://articulo.mercadolibre.com.ar/MLA-1153628551-salsa-de-soja-light-hinomoto-1-litro-origen-brasil-_JM
220,Salsa De Soja Con Hongos 650 G - Origen Oriental ,3140.0,https://articulo.mercadolibre.com.ar/MLA-838864326-salsa-de-soja-con-hongos-650-g-origen-oriental-_JM
221,Pack 12u Salsa De Soja Bitarwan Tradicional / Light 500ml,15214.0,https://articulo.mercadolibre.com.ar/MLA-739617967-pack-12u-salsa-de-soja-bitarwan-tradicional-light-500ml-_JM
222,Salsa De Soja Cremosa X 500 Ml Marca: Bitarwan,2585.0,https://articulo.mercadolibre.com.ar/MLA-872374932-salsa-de-soja-cremosa-x-500-ml-marca-bitarwan-_JM
223,Salsa De Soja Hashi 250 Ml,1626.87,https://articulo.mercadolibre.com.ar/MLA-1163821525-salsa-de-soja-hashi-250-ml-_JM
224,Salsa De Soja Premium Haday X1.9l Importado China ,8224.0,https://articulo.mercadolibre.com.ar/MLA-1495493542-salsa-de-soja-premium-haday-x19l-importado-china-_JM
225,Salsa De Soja Yamasa Reducida En Sodio 148 Ml. Origen Usa ,7104.0,https://articulo.mercadolibre.com.ar/MLA-934808962-salsa-de-soja-yamasa-reducida-en-sodio-148-ml-origen-usa-_JM
226,Salsa De Soja Tradicional Hinomoto 1 Litro Importado Brasil,3459.0,https://articulo.mercadolibre.com.ar/MLA-1150441805-salsa-de-soja-tradicional-hinomoto-1-litro-importado-brasil-_JM
227,Pack X4 Salsas Hashi X250ml ,5999.0,https://articulo.mercadolibre.com.ar/MLA-1133276937-pack-x4-salsas-hashi-x250ml-_JM
228,Salsa De Soja Premium 500 Ml - Fumeiga ,1357.0,https://articulo.mercadolibre.com.ar/MLA-880332143-salsa-de-soja-premium-500-ml-fumeiga-_JM
229,Salsa Ponzu Wadakan Umami 300 Ml Importado De Japon,3279.0,https://articulo.mercadolibre.com.ar/MLA-1493544394-salsa-ponzu-wadakan-umami-300-ml-importado-de-japon-_JM
230,Salsa De Soja - Lee Kum Kee - 500 Ml. Origen Oriental.,5290.0,https://articulo.mercadolibre.com.ar/MLA-1217299583-salsa-de-soja-lee-kum-kee-500-ml-origen-oriental-_JM
231,Salsa De Soja Tradicional Bitarwan 500 Ml,1505.5,https://articulo.mercadolibre.com.ar/MLA-1408517950-salsa-de-soja-tradicional-bitarwan-500-ml-_JM
232,Salsa De Soja Light Bitarwan Presentación 250cc Exquisita!,1151.0,https://articulo.mercadolibre.com.ar/MLA-735402889-salsa-de-soja-light-bitarwan-presentacion-250cc-exquisita-_JM
233,Salsa De Soja X 5lt Marca: Fumeiga,6062.5,https://articulo.mercadolibre.com.ar/MLA-850786674-salsa-de-soja-x-5lt-marca-fumeiga-_JM
234,Salsa De Soja Bitarwan Cremosa X 250 Ml,1524.0,https://articulo.mercadolibre.com.ar/MLA-898456025-salsa-de-soja-bitarwan-cremosa-x-250-ml-_JM
235,"Salsa De Soja Haday Premium 4,9 L",16235.0,https://www.mercadolibre.com.ar/salsa-de-soja-haday-premium-49-l/p/MLA27081004
236,Salsa De Soja Hinomoto X 1 Lt Tradicional,3760.0,https://articulo.mercadolibre.com.ar/MLA-853490588-salsa-de-soja-hinomoto-x-1-lt-tradicional-_JM
237,Salsa De Soja Green Olive X5l,11637.64,https://articulo.mercadolibre.com.ar/MLA-1421872730-salsa-de-soja-green-olive-x5l-_JM
238,Salsa Inglesa Vanoli 190g X 12u,14086.0,https://articulo.mercadolibre.com.ar/MLA-784034953-salsa-inglesa-vanoli-190g-x-12u-_JM
239,Pack X 6 Salsa De Soja Bitarwan Light X 1 L,9616.0,https://articulo.mercadolibre.com.ar/MLA-885024148-pack-x-6-salsa-de-soja-bitarwan-light-x-1-l-_JM
240,Combo Salsa De Soja Lee Kum Kee Clásica + Champiñon 500 Ml,7145.1,https://articulo.mercadolibre.com.ar/MLA-1194494095-combo-salsa-de-soja-lee-kum-kee-clasica-champinon-500-ml-_JM
241,Fumeiga Salsa De Soja Levemente Salado 500ml,1359.0,https://articulo.mercadolibre.com.ar/MLA-882859910-fumeiga-salsa-de-soja-levemente-salado-500ml-_JM
242,Salsa De Soja Fumeiga 1lt ,2450.0,https://articulo.mercadolibre.com.ar/MLA-883676278-salsa-de-soja-fumeiga-1lt-_JM
243,Salsa Hoisin - Suree - 260 Gr. Origen Tailandia.,3290.0,https://articulo.mercadolibre.com.ar/MLA-1218985893-salsa-hoisin-suree-260-gr-origen-tailandia-_JM
244,Salsa De Soja Fincas Arezzo X5l,9236.22,https://articulo.mercadolibre.com.ar/MLA-918480430-salsa-de-soja-fincas-arezzo-x5l-_JM
245,Salsa De Soja Hinomoto X 1 Lt Light Suave,3665.0,https://articulo.mercadolibre.com.ar/MLA-853490585-salsa-de-soja-hinomoto-x-1-lt-light-suave-_JM
246,Salsa De Soja 180cc X 3 Unidades Sin Sodio Diet Gell Singh  ,3370.0,https://articulo.mercadolibre.com.ar/MLA-903682142-salsa-de-soja-180cc-x-3-unidades-sin-sodio-diet-gell-singh-_JM
247,Salsa De Soja Light 500 Ml - Bitarwan ,1254.0,https://articulo.mercadolibre.com.ar/MLA-910464479-salsa-de-soja-light-500-ml-bitarwan-_JM
248,Salsa De Soja Premium 1 Lt - Fumeiga -,2990.0,https://articulo.mercadolibre.com.ar/MLA-1169837066-salsa-de-soja-premium-1-lt-fumeiga--_JM
249,Salsa De Soja Oscura Sabor Champignon Haday 1.75 Lts.,7990.0,https://articulo.mercadolibre.com.ar/MLA-1431419728-salsa-de-soja-oscura-sabor-champignon-haday-175-lts-_JM
250,Salsa De Soja Cremosa 500 Ml - Fumeiga ,1502.0,https://articulo.mercadolibre.com.ar/MLA-1132034206-salsa-de-soja-cremosa-500-ml-fumeiga-_JM
251,Pack X2 Salsa De Soja Premium  X 500ml Lee Kum Kee,9999.0,https://articulo.mercadolibre.com.ar/MLA-879915603-pack-x2-salsa-de-soja-premium-x-500ml-lee-kum-kee-_JM
252,Caja Blister  De Salsa De Soja - Bitarwan - 169 Uni.,18990.0,https://articulo.mercadolibre.com.ar/MLA-1150999943-caja-blister-de-salsa-de-soja-bitarwan-169-uni-_JM
253,Salsa De Soja Fumeiga  Premiun 500ml,1520.0,https://articulo.mercadolibre.com.ar/MLA-1343773356-salsa-de-soja-fumeiga-premiun-500ml-_JM
254,Salsa De Ostras - Haday - 700 Gr. Origen Oriental.,3890.0,https://articulo.mercadolibre.com.ar/MLA-1154902468-salsa-de-ostras-haday-700-gr-origen-oriental-_JM
255,Salsa De Soja Reducida En Sodio Lee Kum Kee 500 Ml. X2,13573.0,https://articulo.mercadolibre.com.ar/MLA-1380631010-salsa-de-soja-reducida-en-sodio-lee-kum-kee-500-ml-x2-_JM
256,Salsa De Soja Ahumada - Darama - 220 Cc.,1990.0,https://articulo.mercadolibre.com.ar/MLA-1434962400-salsa-de-soja-ahumada-darama-220-cc-_JM
257,Pack X3 Salsa De Soja Sabor Hongo X500ml Lee Kum Kee,14499.0,https://articulo.mercadolibre.com.ar/MLA-885000503-pack-x3-salsa-de-soja-sabor-hongo-x500ml-lee-kum-kee-_JM
258,Salsa De Soja Sakanashi 450 Ml Para Sushi Cocina Japonesa,2125.0,https://articulo.mercadolibre.com.ar/MLA-902568282-salsa-de-soja-sakanashi-450-ml-para-sushi-cocina-japonesa-_JM
259,Pack X2 Salsa De Soja Premium X150ml Lee Kum Kee,8194.0,https://articulo.mercadolibre.com.ar/MLA-885001990-pack-x2-salsa-de-soja-premium-x150ml-lee-kum-kee-_JM
260,Salsa De Soja - Hinomoto - Light 1lt. - Origen Brasil.,3990.0,https://articulo.mercadolibre.com.ar/MLA-1169296535-salsa-de-soja-hinomoto-light-1lt-origen-brasil-_JM
261,Salsa De Soja Bitarwan Blister 169unid. 45cc Tradicional ,13990.0,https://articulo.mercadolibre.com.ar/MLA-1356354555-salsa-de-soja-bitarwan-blister-169unid-45cc-tradicional-_JM
262,Salsa De Soja 1 Lt - Fumeiga -,2490.0,https://articulo.mercadolibre.com.ar/MLA-1169905219-salsa-de-soja-1-lt-fumeiga--_JM
263,Salsa De Soja Light X 250 Ml Marca: Bitarwan,1175.0,https://articulo.mercadolibre.com.ar/MLA-872477780-salsa-de-soja-light-x-250-ml-marca-bitarwan-_JM
264,Pack X3 Salsa De Soja X250cm3 / Hashi ,3795.96,https://articulo.mercadolibre.com.ar/MLA-836225945-pack-x3-salsa-de-soja-x250cm3-hashi-_JM
265,"Salsa De Soja Bitarwan Cremosa,  Pack 12  X 250 Ml",14350.0,https://articulo.mercadolibre.com.ar/MLA-931236444-salsa-de-soja-bitarwan-cremosa-pack-12-x-250-ml-_JM
266,Salsa De Soja Sakanashi 5lts Para Sushi Cocina Japonesa,15225.0,https://articulo.mercadolibre.com.ar/MLA-1103513781-salsa-de-soja-sakanashi-5lts-para-sushi-cocina-japonesa-_JM
267,Salsa De Soja Con Hongos - Haday - 500 Ml. Origen Oriental.,3790.0,https://articulo.mercadolibre.com.ar/MLA-1159859258-salsa-de-soja-con-hongos-haday-500-ml-origen-oriental-_JM
268,Salsa De Soja Yamasa Tradicional 459 Ml. Pack X2,20127.0,https://articulo.mercadolibre.com.ar/MLA-1320257582-salsa-de-soja-yamasa-tradicional-459-ml-pack-x2-_JM
269,Pack X3 Salsa De Soja Clasico X180ml / Vegan ,3899.0,https://articulo.mercadolibre.com.ar/MLA-836226008-pack-x3-salsa-de-soja-clasico-x180ml-vegan-_JM
270,Salsa De Soja Sabor Hongox500ml,4840.0,https://articulo.mercadolibre.com.ar/MLA-884714598-salsa-de-soja-sabor-hongox500ml-_JM
271,Salsa De Soja Gell Singh Sin Sodio - 250 Cc,1246.0,https://articulo.mercadolibre.com.ar/MLA-815203376-salsa-de-soja-gell-singh-sin-sodio-250-cc-_JM
272,Salsa De Soja Kikkoman ,4940.0,https://articulo.mercadolibre.com.ar/MLA-792388976-salsa-de-soja-kikkoman-_JM
273,Mix Sushi Alga Nori + Salsa De Soja Blister 45cc 169u,31157.0,https://articulo.mercadolibre.com.ar/MLA-775991174-mix-sushi-alga-nori-salsa-de-soja-blister-45cc-169u-_JM
274,Pack 5u Salsa Estilo Teriyaki Lee Kum Kee 250 Ml,32358.0,https://articulo.mercadolibre.com.ar/MLA-784095382-pack-5u-salsa-estilo-teriyaki-lee-kum-kee-250-ml-_JM
275,Salsa De Soja Vanoli Sin T.a.c.c ,1099.0,https://articulo.mercadolibre.com.ar/MLA-1360803473-salsa-de-soja-vanoli-sin-tacc-_JM
276,Pack X2 Salsa De Soja Clasico X180ml / Vegan ,2599.0,https://articulo.mercadolibre.com.ar/MLA-836225433-pack-x2-salsa-de-soja-clasico-x180ml-vegan-_JM
277,Pack X 3 Salsa De Soja Extra Bitarwan  X 250 Ml,3202.0,https://articulo.mercadolibre.com.ar/MLA-885030073-pack-x-3-salsa-de-soja-extra-bitarwan-x-250-ml-_JM
278,Salsa Hoisin 400gr Haday,2350.0,https://www.mercadolibre.com.ar/salsa-hoisin-400gr-haday/p/MLA24893266
279,Salsa De Soja Gluten Free 300ml Healthy Boy,2240.0,https://articulo.mercadolibre.com.ar/MLA-1347922366-salsa-de-soja-gluten-free-300ml-healthy-boy-_JM
280,Salsa Teriyaki Cepera 270 Ml. Pack X2,12005.0,https://articulo.mercadolibre.com.ar/MLA-1368244917-salsa-teriyaki-cepera-270-ml-pack-x2-_JM
281,Pasta De Soja Y Hongo Shitake 340gr Haday,2850.0,https://articulo.mercadolibre.com.ar/MLA-1356401965-pasta-de-soja-y-hongo-shitake-340gr-haday-_JM
282,Salsa De Soja X 2 Litros,3947.77,https://articulo.mercadolibre.com.ar/MLA-794096500-salsa-de-soja-x-2-litros-_JM
283,"Salsa De Soja Wei Ji Xian 1,9 Litros Origen Chino X 2unid",16200.0,https://articulo.mercadolibre.com.ar/MLA-1275672007-salsa-de-soja-wei-ji-xian-19-litros-origen-chino-x-2unid-_JM
284,Salsa Tare Cepera 150 Gr.,4395.0,https://articulo.mercadolibre.com.ar/MLA-1408996482-salsa-tare-cepera-150-gr-_JM
285,Salsa De Soja 4.9 L Marca: Haday,16235.0,https://articulo.mercadolibre.com.ar/MLA-1293067585-salsa-de-soja-49-l-marca-haday-_JM
286,Salsa De Soja Bitarwan Light X 500 Ml,1431.0,https://articulo.mercadolibre.com.ar/MLA-877673548-salsa-de-soja-bitarwan-light-x-500-ml-_JM
287,Salsa De Soja Tradicional - Fumeiga - 5 Lts.,7390.0,https://articulo.mercadolibre.com.ar/MLA-1158470558-salsa-de-soja-tradicional-fumeiga-5-lts-_JM
288,Salsa De Soja Cepera 1 Litro Origen Brasil,2390.0,https://www.mercadolibre.com.ar/salsa-de-soja-cepera-1-litro-origen-brasil/p/MLA19918787
289,Pack X6 Salsa De Soja Sabor Hongo X500ml Lee Kum Kee,29050.0,https://articulo.mercadolibre.com.ar/MLA-885000802-pack-x6-salsa-de-soja-sabor-hongo-x500ml-lee-kum-kee-_JM
290,Salsa De Soja Hinomoto X 500 Ml Light Suave,2235.0,https://articulo.mercadolibre.com.ar/MLA-853490183-salsa-de-soja-hinomoto-x-500-ml-light-suave-_JM
291,Salsa De Soja Cremosa - Bitarwan - 250 Ml.,1690.0,https://articulo.mercadolibre.com.ar/MLA-1490829726-salsa-de-soja-cremosa-bitarwan-250-ml-_JM
292,Salsa Agridulce Tahiti  X 270grs,983.82,https://articulo.mercadolibre.com.ar/MLA-1368264619-salsa-agridulce-tahiti-x-270grs-_JM
293,Salsa De Soja 12 Un X 500 Ml Cia Aceitunera,16452.87,https://articulo.mercadolibre.com.ar/MLA-731613441-salsa-de-soja-12-un-x-500-ml-cia-aceitunera-_JM
294,Combo X3 Salsa Tonkatsu Hashi 250ml Apto Vegano,4070.0,https://articulo.mercadolibre.com.ar/MLA-1122886904-combo-x3-salsa-tonkatsu-hashi-250ml-apto-vegano-_JM
295,Salsa De Soja Premium - Lee Kum Kee - 150 Ml. Orig. Oriental,4690.0,https://articulo.mercadolibre.com.ar/MLA-1254265308-salsa-de-soja-premium-lee-kum-kee-150-ml-orig-oriental-_JM
296,Salsa De Soja C/hongos - Lee Kum Kee- 500 Ml. Orig Oriental.,5358.0,https://articulo.mercadolibre.com.ar/MLA-1342826807-salsa-de-soja-chongos-lee-kum-kee-500-ml-orig-oriental-_JM
297,Salsa De Soja Levemente Salada 500 Ml Fumeiga,1450.0,https://articulo.mercadolibre.com.ar/MLA-900574657-salsa-de-soja-levemente-salada-500-ml-fumeiga-_JM
298,Salsa De Soja Yamasa Tradicional 148 Ml. Pack X3 ,16650.0,https://articulo.mercadolibre.com.ar/MLA-934809411-salsa-de-soja-yamasa-tradicional-148-ml-pack-x3-_JM
299,Salsa De Soja Light  Reducida En Sodio Cepera 270 Ml Pack X2,7030.0,https://articulo.mercadolibre.com.ar/MLA-1408934178-salsa-de-soja-light-reducida-en-sodio-cepera-270-ml-pack-x2-_JM
300,Salsa De Soja Agiibo 5 L,5820.0,https://articulo.mercadolibre.com.ar/MLA-879616667-salsa-de-soja-agiibo-5-l-_JM
301,Pack X 6 Salsa De Soja Bitarwan Tradicional X 250 Ml,4440.0,https://articulo.mercadolibre.com.ar/MLA-885026398-pack-x-6-salsa-de-soja-bitarwan-tradicional-x-250-ml-_JM
302,Salsa De Soja Sakanashi X 450 Cc ,1300.0,https://articulo.mercadolibre.com.ar/MLA-1419040338-salsa-de-soja-sakanashi-x-450-cc-_JM
303,Salsa De Soja Oscura 500 Ml. Haday,3115.0,https://articulo.mercadolibre.com.ar/MLA-1140842582-salsa-de-soja-oscura-500-ml-haday-_JM
304,Salsa De Soja Finca Arezzo X500ml,1502.41,https://articulo.mercadolibre.com.ar/MLA-874653166-salsa-de-soja-finca-arezzo-x500ml-_JM
305,Salsa Hoisin 400 Gr. Origen China,2250.0,https://articulo.mercadolibre.com.ar/MLA-1159038280-salsa-hoisin-400-gr-origen-china-_JM
306,Salsa De Soja Lee Kum Kee Premium 150 Ml,4230.0,https://articulo.mercadolibre.com.ar/MLA-837168574-salsa-de-soja-lee-kum-kee-premium-150-ml-_JM
307,Salsa De Soja  X 1 Lts Siuri Sakanashi,2995.0,https://articulo.mercadolibre.com.ar/MLA-762601851-salsa-de-soja-x-1-lts-siuri-sakanashi-_JM
308,"Pack X3 Salsa De Soja  X1,9 L Lee Kum Kee",32390.0,https://articulo.mercadolibre.com.ar/MLA-885006995-pack-x3-salsa-de-soja-x19-l-lee-kum-kee-_JM
309,"Salsa De Ostras 1,65lt Golden Label",7999.0,https://articulo.mercadolibre.com.ar/MLA-1357167325-salsa-de-ostras-165lt-golden-label-_JM
310,Salsa Hoisin - Haday - 400 Gr. Origen China.,3990.0,https://articulo.mercadolibre.com.ar/MLA-1217057790-salsa-hoisin-haday-400-gr-origen-china-_JM
311,Salsa De Soja 180cc Sin Sodio Diet Gell Singh  ,1100.0,https://articulo.mercadolibre.com.ar/MLA-794164021-salsa-de-soja-180cc-sin-sodio-diet-gell-singh-_JM
312,Pack 12u Salsa Estilo Teriyaki Lee Kum Kee 250 Ml + Envio!!,75027.0,https://articulo.mercadolibre.com.ar/MLA-784095728-pack-12u-salsa-estilo-teriyaki-lee-kum-kee-250-ml-envio-_JM
313,Salsa De Soja Para Pescados Lee Kum Kee 410 Ml,7274.0,https://www.mercadolibre.com.ar/salsa-de-soja-para-pescados-lee-kum-kee-410-ml/p/MLA19869896
314,Salsa De Soja Kikkoman 1 L - Origen Japón.,9998.0,https://articulo.mercadolibre.com.ar/MLA-1334486971-salsa-de-soja-kikkoman-1-l-origen-japon-_JM
315,"Salsa De Soja Bitarwan Blister 45cc,tradicional Xunid",99.0,https://articulo.mercadolibre.com.ar/MLA-1376452789-salsa-de-soja-bitarwan-blister-45cctradicional-xunid-_JM
316, Pack X 5 Salsa Teriyaki  X 250grs  Hashi-alcaraz ,4999.0,https://articulo.mercadolibre.com.ar/MLA-1151014100-pack-x-5-salsa-teriyaki-x-250grs-hashi-alcaraz-_JM
317,Pack X4 Salsa De Soja Premium X150ml Lee Kum Kee,16380.0,https://articulo.mercadolibre.com.ar/MLA-885002649-pack-x4-salsa-de-soja-premium-x150ml-lee-kum-kee-_JM
318,Salsa De Soja Yamasa Tradicional Y Reducida En Sodio Pack X2,20127.0,https://articulo.mercadolibre.com.ar/MLA-934814726-salsa-de-soja-yamasa-tradicional-y-reducida-en-sodio-pack-x2-_JM
319,Salsa De Soja Estilo Japonés 250 Ml Marca Fumeiga,1200.0,https://articulo.mercadolibre.com.ar/MLA-908204326-salsa-de-soja-estilo-japones-250-ml-marca-fumeiga-_JM
320,Cheddar Tau Delta X 300 Gr Caja X 10 Unidades,14000.0,https://articulo.mercadolibre.com.ar/MLA-1133703966-cheddar-tau-delta-x-300-gr-caja-x-10-unidades-_JM
321,Salsa De Soja Para Pescado 1.75 L Marca: Haday,11550.0,https://articulo.mercadolibre.com.ar/MLA-1292466003-salsa-de-soja-para-pescado-175-l-marca-haday-_JM
322,Salsa De Soja Kikkoman 1.6lt.,11299.0,https://articulo.mercadolibre.com.ar/MLA-1388803651-salsa-de-soja-kikkoman-16lt-_JM
323,Kit De Salsas Orientales - Soja + Ostras + Chile Con Ajo,6350.0,https://articulo.mercadolibre.com.ar/MLA-886341622-kit-de-salsas-orientales-soja-ostras-chile-con-ajo-_JM
324,Pack X 3 Salsa De Soja Bitarwan Tradicional X 250 Ml,2585.0,https://articulo.mercadolibre.com.ar/MLA-885026264-pack-x-3-salsa-de-soja-bitarwan-tradicional-x-250-ml-_JM
325, Pack X 3 Salsa Teriyaki  X 250grs  Hashi-alcaraz ,3238.0,https://articulo.mercadolibre.com.ar/MLA-1151328049-pack-x-3-salsa-teriyaki-x-250grs-hashi-alcaraz-_JM
326,Salsa De Soja Oscura Con Hongos 500 Ml - Lee Kum Kee,4467.0,https://articulo.mercadolibre.com.ar/MLA-850944372-salsa-de-soja-oscura-con-hongos-500-ml-lee-kum-kee-_JM
327,Salsa De Soja Oscura Con Hongos 500 Ml. Marca Haday,4000.0,https://articulo.mercadolibre.com.ar/MLA-857885416-salsa-de-soja-oscura-con-hongos-500-ml-marca-haday-_JM
328,Pack X 3 Salsa De Soja Bitarwan Tradicional X 1 L,4320.0,https://articulo.mercadolibre.com.ar/MLA-931193143-pack-x-3-salsa-de-soja-bitarwan-tradicional-x-1-l-_JM
329,Salsa De Soja Con Jengibre Cepera 130 Ml.,4395.0,https://articulo.mercadolibre.com.ar/MLA-1409009376-salsa-de-soja-con-jengibre-cepera-130-ml-_JM
330,Salsa De Soja Baja En Sodio X 500ml  Fumeiga,1600.0,https://articulo.mercadolibre.com.ar/MLA-813578729-salsa-de-soja-baja-en-sodio-x-500ml-fumeiga-_JM
331,Pack 8u Salsa Hoisin Lee Kum Kee 397 Gr + Envio Gratis!,47401.0,https://articulo.mercadolibre.com.ar/MLA-781721146-pack-8u-salsa-hoisin-lee-kum-kee-397-gr-envio-gratis-_JM
332,Salsa De Soja Light 500 Ml,2880.0,https://articulo.mercadolibre.com.ar/MLA-878346222-salsa-de-soja-light-500-ml-_JM
333,Salsa De Soja Sabor Champiñon Lee Kum Kee 500ml,4719.0,https://articulo.mercadolibre.com.ar/MLA-912094158-salsa-de-soja-sabor-champinon-lee-kum-kee-500ml-_JM
334,Salsa De Soja Dulce 190gr Healthy Boy,1940.0,https://articulo.mercadolibre.com.ar/MLA-1347923849-salsa-de-soja-dulce-190gr-healthy-boy-_JM
335,Salsa Tonkatsu Hashi X 250ml Vegano Alcaraz - Dw,1630.0,https://articulo.mercadolibre.com.ar/MLA-1461487030-salsa-tonkatsu-hashi-x-250ml-vegano-alcaraz-dw-_JM
336,Salsa De Soja 500ml Darama,1820.0,https://articulo.mercadolibre.com.ar/MLA-1346246781-salsa-de-soja-500ml-darama-_JM
337,Salsa Pad Thai 340gr Healthy Boy,3295.0,https://articulo.mercadolibre.com.ar/MLA-1347896210-salsa-pad-thai-340gr-healthy-boy-_JM
338,Gluten Free - Salsa De Soja 300 Ml. Healthy Boy Brand.,2790.0,https://articulo.mercadolibre.com.ar/MLA-1161149943-gluten-free-salsa-de-soja-300-ml-healthy-boy-brand-_JM
339,Salsa De Soja Light- Bitarwan - 500 Ml.,1490.0,https://articulo.mercadolibre.com.ar/MLA-1385888591-salsa-de-soja-light-bitarwan-500-ml-_JM
340,Salsa De Soja Reducida En Sodio 450 Cc,1820.0,https://articulo.mercadolibre.com.ar/MLA-883224061-salsa-de-soja-reducida-en-sodio-450-cc-_JM
341,Salsa De Soja Sakanashi 5 L Comida Oriental ,11499.0,https://articulo.mercadolibre.com.ar/MLA-879282758-salsa-de-soja-sakanashi-5-l-comida-oriental-_JM
342,Salsa De Soja Cepera 150ml Brasil Nuevo Oferta!,1841.0,https://articulo.mercadolibre.com.ar/MLA-862428096-salsa-de-soja-cepera-150ml-brasil-nuevo-oferta-_JM
343,Salsa De Soja Concentrada Etiqueta Roja - Sakanashi - 970 Cc,3390.0,https://articulo.mercadolibre.com.ar/MLA-1209513215-salsa-de-soja-concentrada-etiqueta-roja-sakanashi-970-cc-_JM
344,Salsa Soja Tahiti Blíster 40gr X 60u Sushi Comida Japonesa,5302.0,https://articulo.mercadolibre.com.ar/MLA-1147566086-salsa-soja-tahiti-blister-40gr-x-60u-sushi-comida-japonesa-_JM
345,Salsa De Soja Fumeiga Levemente Salada X 12 Unidades,13799.0,https://articulo.mercadolibre.com.ar/MLA-1131403981-salsa-de-soja-fumeiga-levemente-salada-x-12-unidades-_JM
346,Salsa De Soja Hinomoto 1l Premium,3880.0,https://articulo.mercadolibre.com.ar/MLA-1299592425-salsa-de-soja-hinomoto-1l-premium-_JM
347,Salsa De Soja 1lt Sakanashi,2999.0,https://articulo.mercadolibre.com.ar/MLA-1346836529-salsa-de-soja-1lt-sakanashi-_JM
348,Salsa De Soja Reducida En Sodio Lee Kum Kee 500 Ml. X3,19485.0,https://articulo.mercadolibre.com.ar/MLA-1380857448-salsa-de-soja-reducida-en-sodio-lee-kum-kee-500-ml-x3-_JM
349,Salsa Estilo Teriyaki Lee Kum Kee 250gr,7810.0,https://articulo.mercadolibre.com.ar/MLA-1370174335-salsa-estilo-teriyaki-lee-kum-kee-250gr-_JM
350,Salsa Para Costillas Lee Kum Kee Spare Rib Sauce 397g,7788.0,https://www.mercadolibre.com.ar/salsa-para-costillas-lee-kum-kee-spare-rib-sauce-397g/p/MLA20945713
351,Salsa De Soja Tradicional 250 Ml Marca La Tranquilina,1480.0,https://articulo.mercadolibre.com.ar/MLA-885349356-salsa-de-soja-tradicional-250-ml-marca-la-tranquilina-_JM
352,Salsa De Soja Kikkoman 1 L,11750.0,https://articulo.mercadolibre.com.ar/MLA-879288128-salsa-de-soja-kikkoman-1-l-_JM
353,Fumeiga Salsa De Soja Cremosa 500ml,1719.0,https://articulo.mercadolibre.com.ar/MLA-882862850-fumeiga-salsa-de-soja-cremosa-500ml-_JM
354,Salsa De Soja Vanoli X 350 Ml,1190.0,https://www.mercadolibre.com.ar/salsa-de-soja-vanoli-x-350-ml/p/MLA19849917
355,Salsa Tahiti Soja Sin Sal Agregada 265 Grs,1200.0,https://articulo.mercadolibre.com.ar/MLA-1115378739-salsa-tahiti-soja-sin-sal-agregada-265-grs-_JM
356,Salsa Terikayi 285 Ml. Marca Pampa Gourmet,2812.5,https://articulo.mercadolibre.com.ar/MLA-1497121354-salsa-terikayi-285-ml-marca-pampa-gourmet-_JM
357,Salsa De Soja X250cm3 / Hashi ,1510.0,https://articulo.mercadolibre.com.ar/MLA-786963401-salsa-de-soja-x250cm3-hashi-_JM
358,Salsa De Soja Yamasa Reducida En Sodio 148 Ml. Pack X3 ,20812.0,https://articulo.mercadolibre.com.ar/MLA-934808434-salsa-de-soja-yamasa-reducida-en-sodio-148-ml-pack-x3-_JM
359,Salsa De Soja 1854 260 Ml,1581.0,https://articulo.mercadolibre.com.ar/MLA-1458408384-salsa-de-soja-1854-260-ml-_JM
360,Salsa De Soja Dietética 800ml Master,2170.0,https://articulo.mercadolibre.com.ar/MLA-1347221388-salsa-de-soja-dietetica-800ml-master-_JM
361,Pack X5u Salsa De Soja Lee Kum Kee 500 Ml,22224.0,https://articulo.mercadolibre.com.ar/MLA-778458789-pack-x5u-salsa-de-soja-lee-kum-kee-500-ml-_JM
362,Pack 12u Salsa De Soja Lee Kum Kee 500ml + Envio Gratis!,50122.0,https://articulo.mercadolibre.com.ar/MLA-781720798-pack-12u-salsa-de-soja-lee-kum-kee-500ml-envio-gratis-_JM
363,Pack X15u Salsa De Soja Bitarwan Tradicional 1 Lt - Sushi,30650.0,https://articulo.mercadolibre.com.ar/MLA-781741998-pack-x15u-salsa-de-soja-bitarwan-tradicional-1-lt-sushi-_JM
364,Salsa De Soja Hinomoto Light X 20l,29805.0,https://articulo.mercadolibre.com.ar/MLA-1103577260-salsa-de-soja-hinomoto-light-x-20l-_JM
365,Salsa De Soja Fumeiga 5lt,8030.0,https://articulo.mercadolibre.com.ar/MLA-1382394835-salsa-de-soja-fumeiga-5lt-_JM
366,"Salsa De Soja Wei Ji Xian 1,9 Litros Origen Oriental Chino",6999.0,https://articulo.mercadolibre.com.ar/MLA-1153296195-salsa-de-soja-wei-ji-xian-19-litros-origen-oriental-chino-_JM
367,Salsa De Soja X5000g La Clarita,9028.0,https://articulo.mercadolibre.com.ar/MLA-1285391419-salsa-de-soja-x5000g-la-clarita-_JM
368,Salsa De Soja Espesa Haitian 1.6l Origen China,6739.0,https://articulo.mercadolibre.com.ar/MLA-1236197088-salsa-de-soja-espesa-haitian-16l-origen-china-_JM
369,Salsa Teriyaki Con Vino Torrontés Pampa Gourmet 285g - Dw,2375.0,https://articulo.mercadolibre.com.ar/MLA-1337929462-salsa-teriyaki-con-vino-torrontes-pampa-gourmet-285g-dw-_JM
370,Yamasa Salsa De Soja X 148 Ml,6900.0,https://articulo.mercadolibre.com.ar/MLA-1389224899-yamasa-salsa-de-soja-x-148-ml-_JM
371,Salsa De Soja Lee Kum Kee Premium 150 Ml,3700.0,https://articulo.mercadolibre.com.ar/MLA-1384597297-salsa-de-soja-lee-kum-kee-premium-150-ml-_JM
372,Salsa De Soja Enrico Baronese (caja X 200 Sobres X 8cc) ,10557.78,https://articulo.mercadolibre.com.ar/MLA-1376729587-salsa-de-soja-enrico-baronese-caja-x-200-sobres-x-8cc-_JM
373,Salsa De Soja Enrico Baronese (caja X 200 Sobres X 8cc) ,8379.19,https://articulo.mercadolibre.com.ar/MLA-1376749143-salsa-de-soja-enrico-baronese-caja-x-200-sobres-x-8cc-_JM
374,Salsa Tare Cepera 150gr.,4395.0,https://articulo.mercadolibre.com.ar/MLA-1368283507-salsa-tare-cepera-150gr-_JM
375,Salsa De Soja Fumeiga Común De 5 Litros,5800.0,https://articulo.mercadolibre.com.ar/MLA-1131443314-salsa-de-soja-fumeiga-comun-de-5-litros-_JM
376,Salsa De Soja Premium Lee Kum Kee 150 Ml. X2,6803.0,https://articulo.mercadolibre.com.ar/MLA-1380618980-salsa-de-soja-premium-lee-kum-kee-150-ml-x2-_JM
377,Salsa De Soja Light Reducida En Sodio Cepera 270ml.,4645.0,https://articulo.mercadolibre.com.ar/MLA-1408908474-salsa-de-soja-light-reducida-en-sodio-cepera-270ml-_JM
378,Salsa Tare Cepera 150 Gr. Pack X2,8790.0,https://articulo.mercadolibre.com.ar/MLA-1408986258-salsa-tare-cepera-150-gr-pack-x2-_JM
379,Salsa De Soja Premium Lee Kum Kee 150 Ml. X3,10089.0,https://articulo.mercadolibre.com.ar/MLA-1380618976-salsa-de-soja-premium-lee-kum-kee-150-ml-x3-_JM
380,Salsa De Soja Con Jengibre Cepera 130 Ml. Pack X2,8790.0,https://articulo.mercadolibre.com.ar/MLA-1409149310-salsa-de-soja-con-jengibre-cepera-130-ml-pack-x2-_JM
381,Salsa De Soja Yamasa 150 Ml,5765.0,https://articulo.mercadolibre.com.ar/MLA-853490584-salsa-de-soja-yamasa-150-ml-_JM
382,Salsa De Soja X 260 Ml - 1854,1299.0,https://articulo.mercadolibre.com.ar/MLA-1480861256-salsa-de-soja-x-260-ml-1854-_JM
383,Salsa De Soja Premium 380 Ml. Marca Haday,2530.0,https://articulo.mercadolibre.com.ar/MLA-857868338-salsa-de-soja-premium-380-ml-marca-haday-_JM
384,Pack X3 Salsa De Soja Premium X150ml Lee Kum Kee,12999.0,https://articulo.mercadolibre.com.ar/MLA-885001712-pack-x3-salsa-de-soja-premium-x150ml-lee-kum-kee-_JM
385,Pack X3 Salsa De Soja Premium  X 500ml Lee Kum Kee,15675.0,https://articulo.mercadolibre.com.ar/MLA-879917076-pack-x3-salsa-de-soja-premium-x-500ml-lee-kum-kee-_JM
386,Pack X2 Salsa De Soja X250cm3 / Hashi ,2549.15,https://articulo.mercadolibre.com.ar/MLA-836225292-pack-x2-salsa-de-soja-x250cm3-hashi-_JM
387,Salsa Para Costillas X397g Lee Kum Kee,7999.0,https://articulo.mercadolibre.com.ar/MLA-1378537989-salsa-para-costillas-x397g-lee-kum-kee-_JM
388,Salsa De Soja Light - Haday - 500 Ml. Origen Oriental.,3590.0,https://articulo.mercadolibre.com.ar/MLA-1291333712-salsa-de-soja-light-haday-500-ml-origen-oriental-_JM
389,Salsa De Soja Agiibo - Calidad Superiorv - 5 Lts.,6990.0,https://articulo.mercadolibre.com.ar/MLA-1313700322-salsa-de-soja-agiibo-calidad-superiorv-5-lts-_JM
390,Salsa De Soja Levemente Salada - Fumeiga - 1 Lt.,2990.0,https://articulo.mercadolibre.com.ar/MLA-1233151041-salsa-de-soja-levemente-salada-fumeiga-1-lt-_JM
391,Salsa De Soja Tradicional - Hinomoto - 1 Kg. Origen Brasil.,3990.0,https://articulo.mercadolibre.com.ar/MLA-1249916183-salsa-de-soja-tradicional-hinomoto-1-kg-origen-brasil-_JM
392,Salsa De Soja - Darama - 500 Grs.,1990.0,https://articulo.mercadolibre.com.ar/MLA-1144908153-salsa-de-soja-darama-500-grs-_JM
393,Salsa De Soja Reducida En Sodio - Lee Kum Kee - 500 Ml.,8158.8,https://articulo.mercadolibre.com.ar/MLA-1384442818-salsa-de-soja-reducida-en-sodio-lee-kum-kee-500-ml-_JM
394,Salsa De Soja 1 Lt Calidad Superior Marca Agiibo,2055.0,https://www.mercadolibre.com.ar/salsa-de-soja-1-lt-calidad-superior-marca-agiibo/p/MLA24046267
395,Salsa De Soja Dulce  - Healthy Boy Brand - 190 Grs.,2095.0,https://articulo.mercadolibre.com.ar/MLA-1433507912-salsa-de-soja-dulce-healthy-boy-brand-190-grs-_JM
396,Salsa De Soja Light - Bitarwan - 250 Cc.,1290.0,https://articulo.mercadolibre.com.ar/MLA-1490880268-salsa-de-soja-light-bitarwan-250-cc-_JM
397,Salsa De Soja  Orgánico - Sempio - 860 Ml. Origen Corea.,9998.0,https://articulo.mercadolibre.com.ar/MLA-1521492230-salsa-de-soja-organico-sempio-860-ml-origen-corea-_JM
398,Salsa De Soja Tradicional 300ml Wan Ja Shan Origen Oriental.,2277.6,https://articulo.mercadolibre.com.ar/MLA-1205608249-salsa-de-soja-tradicional-300ml-wan-ja-shan-origen-oriental-_JM
399,Salsa De Soja Tradicional - Bitarwan - 500 Ml.,1690.0,https://articulo.mercadolibre.com.ar/MLA-1490828912-salsa-de-soja-tradicional-bitarwan-500-ml-_JM
400,Salsa De Soja Premium - Haday - 5 Lts. Origen Oriental.,18370.0,https://articulo.mercadolibre.com.ar/MLA-1528080426-salsa-de-soja-premium-haday-5-lts-origen-oriental-_JM
401,Salsa De Soja Sakanashi X5litros ,7900.0,https://articulo.mercadolibre.com.ar/MLA-1148977135-salsa-de-soja-sakanashi-x5litros-_JM
402,Salsa De Soja 1ra Calidad X12 U 500cc,19000.0,https://articulo.mercadolibre.com.ar/MLA-1362650927-salsa-de-soja-1ra-calidad-x12-u-500cc-_JM
403,Salsa De Soja Fermentación Natural 1 L.,4125.0,https://articulo.mercadolibre.com.ar/MLA-1477086074-salsa-de-soja-fermentacion-natural-1-l-_JM
404,Salsa De Soja Premium Marca Fumeiga 500 Ml.,1437.5,https://articulo.mercadolibre.com.ar/MLA-1501463254-salsa-de-soja-premium-marca-fumeiga-500-ml-_JM
405,Salsa De Soja Haday Premium 380 Ml. Origen China,2562.5,https://articulo.mercadolibre.com.ar/MLA-1504319702-salsa-de-soja-haday-premium-380-ml-origen-china-_JM
406,"Salsa De Soja Haday 4,9 L.",18375.0,https://articulo.mercadolibre.com.ar/MLA-1470950928-salsa-de-soja-haday-49-l-_JM
407,Salsa De Soja Dulce 420 Gr Origen Tailandia,2737.5,https://articulo.mercadolibre.com.ar/MLA-1470657816-salsa-de-soja-dulce-420-gr-origen-tailandia-_JM
408,Salsa De Soja Light 500 Ml. Marca Hinomoto,2250.0,https://articulo.mercadolibre.com.ar/MLA-1388067081-salsa-de-soja-light-500-ml-marca-hinomoto-_JM
409,Salsa De Soja Tradicional 500 Ml. Hinomoto,2250.0,https://articulo.mercadolibre.com.ar/MLA-1388131871-salsa-de-soja-tradicional-500-ml-hinomoto-_JM
410,Salsa De Soja Premiun 380 Ml,2562.5,https://articulo.mercadolibre.com.ar/MLA-1470735294-salsa-de-soja-premiun-380-ml-_JM
411,Salsa De Soja Hinomoto Light 1 L.,3875.0,https://articulo.mercadolibre.com.ar/MLA-1388041097-salsa-de-soja-hinomoto-light-1-l-_JM
412,Salsa De Soja Hinimoto Tradicional 1 L.,3875.0,https://articulo.mercadolibre.com.ar/MLA-1388041479-salsa-de-soja-hinimoto-tradicional-1-l-_JM
413,Salsa De Soja Tradicional 220 Ml Marca Darama,1287.5,https://articulo.mercadolibre.com.ar/MLA-1391075947-salsa-de-soja-tradicional-220-ml-marca-darama-_JM
414,Salsa De Soja Tradicional Marca La Tranquilina 250 Ml.,1450.0,https://articulo.mercadolibre.com.ar/MLA-1470950878-salsa-de-soja-tradicional-marca-la-tranquilina-250-ml-_JM
415,Salsa De Soja Light Superior 1.75 Lts Marca Haday,7230.0,https://articulo.mercadolibre.com.ar/MLA-912161347-salsa-de-soja-light-superior-175-lts-marca-haday-_JM
416,Salsa De Soja Comun 500cc Fumeiga X 12 Unidades,8499.0,https://articulo.mercadolibre.com.ar/MLA-1259218179-salsa-de-soja-comun-500cc-fumeiga-x-12-unidades-_JM
417,Salsa De Soja Kikkoman 1.6l,19999.0,https://articulo.mercadolibre.com.ar/MLA-1520167892-salsa-de-soja-kikkoman-16l-_JM
418,Salsa De Soja Fumeiga Estilo Japones 1lt,3160.0,https://articulo.mercadolibre.com.ar/MLA-1341733839-salsa-de-soja-fumeiga-estilo-japones-1lt-_JM
419,Salsa De Soja Fumeiga Levemente Salada 1lt,3160.0,https://articulo.mercadolibre.com.ar/MLA-1341740309-salsa-de-soja-fumeiga-levemente-salada-1lt-_JM
420,Salsa De Soja Lee Kum Kee Premium X 150 Ml,4040.0,https://articulo.mercadolibre.com.ar/MLA-1387177521-salsa-de-soja-lee-kum-kee-premium-x-150-ml-_JM
421,Salsa De Soja Fumeiga Premium 1lt,2825.0,https://articulo.mercadolibre.com.ar/MLA-1341740350-salsa-de-soja-fumeiga-premium-1lt-_JM
422,Salsa Tipo Teriyaki Con Vino Torrontés Pampa Gourmet 285g,2480.0,https://articulo.mercadolibre.com.ar/MLA-1427067410-salsa-tipo-teriyaki-con-vino-torrontes-pampa-gourmet-285g-_JM
423,"Salsa De Soja Kikkoman 1,6 Lt",12737.5,https://articulo.mercadolibre.com.ar/MLA-1385083469-salsa-de-soja-kikkoman-16-lt-_JM
424,Salsa De Soja  Fumeiga 500 Cm3 Premium,1550.0,https://articulo.mercadolibre.com.ar/MLA-1280263799-salsa-de-soja-fumeiga-500-cm3-premium-_JM
425,Salsa De Soja Superior King De 500ml Importada Origen China,1999.0,https://articulo.mercadolibre.com.ar/MLA-1316631329-salsa-de-soja-superior-king-de-500ml-importada-origen-china-_JM
426,Salsa De Soja Cepera Brasil Pack X 12 Un X 1 Litro!,26417.0,https://articulo.mercadolibre.com.ar/MLA-1102342599-salsa-de-soja-cepera-brasil-pack-x-12-un-x-1-litro-_JM
427,Salsa De Soja Para Pescado 450 Ml. Marca: Haday,4199.0,https://articulo.mercadolibre.com.ar/MLA-857880470-salsa-de-soja-para-pescado-450-ml-marca-haday-_JM
428,Salsa Tahiti Soja Sin Sal Agregada 265 Grs X 8 Unidades,10000.0,https://articulo.mercadolibre.com.ar/MLA-1115658904-salsa-tahiti-soja-sin-sal-agregada-265-grs-x-8-unidades-_JM
429,Salsa Soja Tahiti 265 Grs X 8 Unidades,10000.0,https://articulo.mercadolibre.com.ar/MLA-1115754514-salsa-soja-tahiti-265-grs-x-8-unidades-_JM
430,Salsa Soja Tahiti 265 Grs,1200.0,https://articulo.mercadolibre.com.ar/MLA-1115773401-salsa-soja-tahiti-265-grs-_JM
431,Salsa Inglesa - Origen Brasil X 150 Cm3,1100.0,https://articulo.mercadolibre.com.ar/MLA-728548734-salsa-inglesa-origen-brasil-x-150-cm3-_JM
432,Salsa De Soya Premium  Lee Kum Kee 500ml,4930.0,https://articulo.mercadolibre.com.ar/MLA-1432671940-salsa-de-soya-premium-lee-kum-kee-500ml-_JM
433,Salsa De Soja La Parmesana Clasica 12x300ml,12060.63,https://www.mercadolibre.com.ar/salsa-de-soja-la-parmesana-clasica-12x300ml/p/MLA24142495
434,Salsa De Soja Bitarwan Tradicional X 250 Ml,1224.0,https://articulo.mercadolibre.com.ar/MLA-877668437-salsa-de-soja-bitarwan-tradicional-x-250-ml-_JM
435,Pack X 3 Salsa De Soja Bitarwan Light X 1 L,5171.0,https://articulo.mercadolibre.com.ar/MLA-931186071-pack-x-3-salsa-de-soja-bitarwan-light-x-1-l-_JM
436,Pack X 3 Salsa De Soja Bitarwan Cremosa X 500 Ml,6240.0,https://articulo.mercadolibre.com.ar/MLA-931225960-pack-x-3-salsa-de-soja-bitarwan-cremosa-x-500-ml-_JM
437,Salsa Teriyaki C/vino Torrontes Pampagourmet X 285 ,2299.0,https://articulo.mercadolibre.com.ar/MLA-1406087720-salsa-teriyaki-cvino-torrontes-pampagourmet-x-285-_JM
438,Pack X 6 Salsa De Soja Extra Bitarwan  X 1 L,14728.0,https://articulo.mercadolibre.com.ar/MLA-885026787-pack-x-6-salsa-de-soja-extra-bitarwan-x-1-l-_JM
439,Pack X 6 Salsa De Soja Bitarwan Tradicional X 1 L,9616.0,https://articulo.mercadolibre.com.ar/MLA-931188329-pack-x-6-salsa-de-soja-bitarwan-tradicional-x-1-l-_JM
440,Pack X 3 Salsa De Soja Bitarwan Light X 250 Ml,2583.0,https://articulo.mercadolibre.com.ar/MLA-931223495-pack-x-3-salsa-de-soja-bitarwan-light-x-250-ml-_JM
441,"Salsa De Soja Bitarwan Cremosa,  Pack 3  X 250 Ml",3483.0,https://articulo.mercadolibre.com.ar/MLA-931225854-salsa-de-soja-bitarwan-cremosa-pack-3-x-250-ml-_JM
442,Pack X 6 Salsa De Soja Bitarwan Light X 500 Ml,5678.0,https://articulo.mercadolibre.com.ar/MLA-931188632-pack-x-6-salsa-de-soja-bitarwan-light-x-500-ml-_JM
443,Pack X 6 Salsa De Soja Bitarwan Cremosa X 500 Ml,14350.0,https://articulo.mercadolibre.com.ar/MLA-931229816-pack-x-6-salsa-de-soja-bitarwan-cremosa-x-500-ml-_JM
444,Salsa De Soja Bitarwan Cremosa X 500 Ml,2445.0,https://articulo.mercadolibre.com.ar/MLA-877685309-salsa-de-soja-bitarwan-cremosa-x-500-ml-_JM
445,"Salsa De Soja Bitarwan Cremosa,  Pack 6  X 250 Ml",6240.0,https://articulo.mercadolibre.com.ar/MLA-898462692-salsa-de-soja-bitarwan-cremosa-pack-6-x-250-ml-_JM
446,Pack X 6 Salsa De Soja Bitarwan Light X 250 Ml,4440.0,https://articulo.mercadolibre.com.ar/MLA-931190381-pack-x-6-salsa-de-soja-bitarwan-light-x-250-ml-_JM
447,Pack X 6 Salsa De Soja Extra Bitarwan  X 250 Ml,5678.0,https://articulo.mercadolibre.com.ar/MLA-885028798-pack-x-6-salsa-de-soja-extra-bitarwan-x-250-ml-_JM
448,Pack X 12 Salsa De Soja Bitarwan Light X 250 Ml,8153.0,https://articulo.mercadolibre.com.ar/MLA-931222103-pack-x-12-salsa-de-soja-bitarwan-light-x-250-ml-_JM
449,Salsa De Soja Ahumada Darama 220cc,1320.0,https://articulo.mercadolibre.com.ar/MLA-1364926549-salsa-de-soja-ahumada-darama-220cc-_JM
450,Salsa De Soja Asia 280g,2900.0,https://articulo.mercadolibre.com.ar/MLA-1376577779-salsa-de-soja-asia-280g-_JM
451,Salsa De Soja La Parmesana Reducion X300ml,1243.19,https://articulo.mercadolibre.com.ar/MLA-1363531067-salsa-de-soja-la-parmesana-reducion-x300ml-_JM
452,Salsa De Soja Tradicional Bitarwan 500 Ml,1595.5,https://articulo.mercadolibre.com.ar/MLA-1368154845-salsa-de-soja-tradicional-bitarwan-500-ml-_JM
453,Salsa De Soja,3200.0,https://articulo.mercadolibre.com.ar/MLA-1169113517-salsa-de-soja-_JM
454,Salsa De Soja Fumeiga Sachet 10 Cc X 100u ,6200.0,https://articulo.mercadolibre.com.ar/MLA-1391018889-salsa-de-soja-fumeiga-sachet-10-cc-x-100u-_JM
455,Salsa Inglesa Cepera Botella X 1 Litro Brasil,2850.0,https://articulo.mercadolibre.com.ar/MLA-880993722-salsa-inglesa-cepera-botella-x-1-litro-brasil-_JM
456,Salsa Teriyaki 270ml Cepera Origen Brasil ,4230.0,https://articulo.mercadolibre.com.ar/MLA-1412155388-salsa-teriyaki-270ml-cepera-origen-brasil-_JM
457,Salsa De Soja Con Lima Kikkoman 1l,4760.0,https://articulo.mercadolibre.com.ar/MLA-1426325434-salsa-de-soja-con-lima-kikkoman-1l-_JM
458,Salsa De Soja  5 Lts...,6200.0,https://articulo.mercadolibre.com.ar/MLA-806997258-salsa-de-soja-5-lts-_JM
459,Salsa De Soja Lee Kum Kee X 500 Cc Importada,4500.0,https://articulo.mercadolibre.com.ar/MLA-885426622-salsa-de-soja-lee-kum-kee-x-500-cc-importada-_JM
460,Salsa De Soja Cremosa 500cc Agiibo En Botella X 12 Unidades,8599.0,https://articulo.mercadolibre.com.ar/MLA-1347285958-salsa-de-soja-cremosa-500cc-agiibo-en-botella-x-12-unidades-_JM
461,Sunchang Gochujang Pasta Aji Picante Coreano 500g,8500.0,https://articulo.mercadolibre.com.ar/MLA-1401650926-sunchang-gochujang-pasta-aji-picante-coreano-500g-_JM
462,Salsa De Soja Recetas De Entonces 180ml - Vegana Y Sin Conse,1299.0,https://www.mercadolibre.com.ar/salsa-de-soja-recetas-de-entonces-180ml-vegana-y-sin-conse/p/MLA21634402
463,Salsa De Soja X 5l Bitarwan Tradicional Cocina Sushi,7500.0,https://articulo.mercadolibre.com.ar/MLA-907812263-salsa-de-soja-x-5l-bitarwan-tradicional-cocina-sushi-_JM
464,Salsa De Soja Superior King De 500ml Importada China X 6unid,9299.0,https://articulo.mercadolibre.com.ar/MLA-1373166035-salsa-de-soja-superior-king-de-500ml-importada-china-x-6unid-_JM
465,Salsa De Soja Superior King De 500ml X 12 Unidades Importada,19999.0,https://articulo.mercadolibre.com.ar/MLA-1131417944-salsa-de-soja-superior-king-de-500ml-x-12-unidades-importada-_JM
466,Salsa De Soja Cremosa 500cc Agiibo En Botella Adherezo,8599.0,https://articulo.mercadolibre.com.ar/MLA-1105231657-salsa-de-soja-cremosa-500cc-agiibo-en-botella-adherezo-_JM
467,Salsa De Soja Fumeiga Premium 500cc X 12 Unidades,12999.0,https://articulo.mercadolibre.com.ar/MLA-1259571191-salsa-de-soja-fumeiga-premium-500cc-x-12-unidades-_JM
468,Salsa De Soja X 5 Lt ,5500.0,https://articulo.mercadolibre.com.ar/MLA-884522152-salsa-de-soja-x-5-lt-_JM
469,Salsa De Soja China Superior 300 Ml - Fermentación Natural,1200.0,https://articulo.mercadolibre.com.ar/MLA-1293244424-salsa-de-soja-china-superior-300-ml-fermentacion-natural-_JM
470,Salsa De Soja Golden Label Light De 4.9 L Origen Oriental,6300.0,https://articulo.mercadolibre.com.ar/MLA-1294356335-salsa-de-soja-golden-label-light-de-49-l-origen-oriental-_JM
471,Salsa De Soja Dietetica De 1.25l Origen China,2300.0,https://articulo.mercadolibre.com.ar/MLA-1294390066-salsa-de-soja-dietetica-de-125l-origen-china-_JM
472,Salsa De Soja Oscura/hongos 1.75l Origen Chino,8700.0,https://articulo.mercadolibre.com.ar/MLA-1510200136-salsa-de-soja-oscurahongos-175l-origen-chino-_JM
473,Salsa De Soja Fumeiga 5lt Caja 4 Unidades,29040.0,https://articulo.mercadolibre.com.ar/MLA-1158590537-salsa-de-soja-fumeiga-5lt-caja-4-unidades-_JM
474,Salsa De Soja Bajo En Sodio Darama 500 Ml.,1899.0,https://articulo.mercadolibre.com.ar/MLA-1491135448-salsa-de-soja-bajo-en-sodio-darama-500-ml-_JM
475,Salsa De Soja X 5lt. Enrico Baronese De Excelente Calidad !!,3490.0,https://articulo.mercadolibre.com.ar/MLA-830163983-salsa-de-soja-x-5lt-enrico-baronese-de-excelente-calidad--_JM
476,Salsa De Soja Con Jengibre Cepera 130ml Origen Brasil,3095.0,https://articulo.mercadolibre.com.ar/MLA-1412644062-salsa-de-soja-con-jengibre-cepera-130ml-origen-brasil-_JM
477,Salsa De Soja Light Cepera 130ml Origen Brasil Red. En Sodio,3270.0,https://articulo.mercadolibre.com.ar/MLA-1412886704-salsa-de-soja-light-cepera-130ml-origen-brasil-red-en-sodio-_JM
478,Salsa Taré 150ml Cepera Origen Brasil,3095.0,https://articulo.mercadolibre.com.ar/MLA-1414734560-salsa-tare-150ml-cepera-origen-brasil-_JM
479,Salsa De Soja 150ml Cepera,1865.0,https://articulo.mercadolibre.com.ar/MLA-1347528956-salsa-de-soja-150ml-cepera-_JM
480,Salsa De Soja Envase X 5 Litros No Trabajo Mercado Envios,6000.0,https://articulo.mercadolibre.com.ar/MLA-607431369-salsa-de-soja-envase-x-5-litros-no-trabajo-mercado-envios-_JM
481,Salsa De Soja Casa De La Torre X 250 Gr,980.0,https://articulo.mercadolibre.com.ar/MLA-1363133715-salsa-de-soja-casa-de-la-torre-x-250-gr-_JM
482,Salsa De Soja Kikkoman Reducida En Sodio 500ml.,6199.0,https://articulo.mercadolibre.com.ar/MLA-1388402009-salsa-de-soja-kikkoman-reducida-en-sodio-500ml-_JM
483,Salsa De Soja Bajo En Sodio Lee Kum Kee 500ml.,6699.0,https://articulo.mercadolibre.com.ar/MLA-1497173916-salsa-de-soja-bajo-en-sodio-lee-kum-kee-500ml-_JM
484,Salsa De Soja Kikkoman 500ml.,4698.0,https://articulo.mercadolibre.com.ar/MLA-1388462163-salsa-de-soja-kikkoman-500ml-_JM
485,Salsa Hoisin Suree 6350gr.,8599.0,https://articulo.mercadolibre.com.ar/MLA-1388903031-salsa-hoisin-suree-6350gr-_JM
486,Salsa De Soja Haday 380ml.,2499.0,https://articulo.mercadolibre.com.ar/MLA-1388500357-salsa-de-soja-haday-380ml-_JM
487,Salsa De Soja Premium Haday 750ml.,4599.0,https://articulo.mercadolibre.com.ar/MLA-1497096814-salsa-de-soja-premium-haday-750ml-_JM
488,"Salsa De Soja Haday Premium 4,9lt.",15499.0,https://articulo.mercadolibre.com.ar/MLA-1388866177-salsa-de-soja-haday-premium-49lt-_JM
489,Salsa De Soja Sin Gluten Healthy Boy 300 Ml.,2199.0,https://articulo.mercadolibre.com.ar/MLA-1389227617-salsa-de-soja-sin-gluten-healthy-boy-300-ml-_JM
490,Salsa De Soja Clasica Lee Kum Kee 500ml.,4699.0,https://articulo.mercadolibre.com.ar/MLA-1491175112-salsa-de-soja-clasica-lee-kum-kee-500ml-_JM
491,Salsa De Soja Bajo En Sodio Kikkoman 500ml.,6199.0,https://articulo.mercadolibre.com.ar/MLA-1497109366-salsa-de-soja-bajo-en-sodio-kikkoman-500ml-_JM
492,Salsa De Soja En Blíster Personalizado 30gr X 180u Sushi ,13725.0,https://articulo.mercadolibre.com.ar/MLA-1389071905-salsa-de-soja-en-blister-personalizado-30gr-x-180u-sushi-_JM
493,Salsa De Soja Sobres Caja  200 U De 8cc Individuales,5200.0,https://articulo.mercadolibre.com.ar/MLA-909092688-salsa-de-soja-sobres-caja-200-u-de-8cc-individuales-_JM
494,Salsa De Soja Sakanashi 5 Lt,13250.0,https://articulo.mercadolibre.com.ar/MLA-905578984-salsa-de-soja-sakanashi-5-lt-_JM
495,Salsa De Soja X 5 L Finca Arezzo,5500.0,https://articulo.mercadolibre.com.ar/MLA-883517961-salsa-de-soja-x-5-l-finca-arezzo-_JM
496,Salsa De Soja  X 450 Cc Siuri Sakanashi,1750.0,https://articulo.mercadolibre.com.ar/MLA-762602014-salsa-de-soja-x-450-cc-siuri-sakanashi-_JM
497,Blister Personalizado Salsa Soja 30gr X180 Unid Sushi Cocina,13725.0,https://articulo.mercadolibre.com.ar/MLA-1381759569-blister-personalizado-salsa-soja-30gr-x180-unid-sushi-cocina-_JM
498,Salsa De Soja Baja En Sodio Yamasa - 459ml,8620.0,https://articulo.mercadolibre.com.ar/MLA-1426298900-salsa-de-soja-baja-en-sodio-yamasa-459ml-_JM
499,Salsa De Soja Premium - Lee Kum Kee - 500 Ml Origen Oriental,5990.0,https://articulo.mercadolibre.com.ar/MLA-1342813967-salsa-de-soja-premium-lee-kum-kee-500-ml-origen-oriental-_JM
500,Salsa De Soja Roja,1000.0,https://articulo.mercadolibre.com.ar/MLA-1377475293-salsa-de-soja-roja-_JM
501,Salsa De Soja La Parmesana Reducion 12 X 300ml Mayorista,13618.27,https://articulo.mercadolibre.com.ar/MLA-1364236467-salsa-de-soja-la-parmesana-reducion-12-x-300ml-mayorista-_JM
502,Salsa De Soja La Parmesana Clasica 12 X 300ml Mayorista,12060.63,https://articulo.mercadolibre.com.ar/MLA-1382929548-salsa-de-soja-la-parmesana-clasica-12-x-300ml-mayorista-_JM
503,Salsa De Soja Cepera Brasil Pack X 12 Un X 150ml ! ,17617.0,https://articulo.mercadolibre.com.ar/MLA-1102307138-salsa-de-soja-cepera-brasil-pack-x-12-un-x-150ml--_JM
504,Blíster Salsa De Soja 30gr X 180 Unid Sushi,12700.0,https://articulo.mercadolibre.com.ar/MLA-1488272478-blister-salsa-de-soja-30gr-x-180-unid-sushi-_JM
505,Salsa Tipo Teriyaki Con Vino Torrontes Sushi Pampa Gourmet ,530.0,https://articulo.mercadolibre.com.ar/MLA-1133343489-salsa-tipo-teriyaki-con-vino-torrontes-sushi-pampa-gourmet-_JM
506,"Salsa De Soja, 250cc",1050.0,https://articulo.mercadolibre.com.ar/MLA-1103461039-salsa-de-soja-250cc-_JM
507,Salsa De Soja Agiibo  5 L   Ideal Uso Gastronómico ,5300.0,https://articulo.mercadolibre.com.ar/MLA-879619067-salsa-de-soja-agiibo-5-l-ideal-uso-gastronomico-_JM
508,Salsa De Soja Yamasa X 1 Lt,9750.0,https://www.mercadolibre.com.ar/salsa-de-soja-yamasa-x-1-lt/p/MLA23743998
509,Salsa De Soja Kikoman 1 L - Origen Japón ,11539.0,https://articulo.mercadolibre.com.ar/MLA-915058687-salsa-de-soja-kikoman-1-l-origen-japon-_JM
510,Salsa De Soja Bitarwan Tradicional / Light 500 Ml,1316.0,https://articulo.mercadolibre.com.ar/MLA-735396033-salsa-de-soja-bitarwan-tradicional-light-500-ml-_JM
511,Salsa De Soja Cremosa Bitarwan 250ml,1470.0,https://articulo.mercadolibre.com.ar/MLA-1360796342-salsa-de-soja-cremosa-bitarwan-250ml-_JM
512,Salsa Hoisin 400 Gr. Haday China,2250.0,https://articulo.mercadolibre.com.ar/MLA-1160408954-salsa-hoisin-400-gr-haday-china-_JM
513,Salsa Hoisin 260 Gr Suree Brand Tailandia,2500.0,https://articulo.mercadolibre.com.ar/MLA-907059162-salsa-hoisin-260-gr-suree-brand-tailandia-_JM
514,"Salsa De Soja  X1,9 L Lee Kum Kee",9999.0,https://articulo.mercadolibre.com.ar/MLA-884716343-salsa-de-soja-x19-l-lee-kum-kee-_JM
515,Salsa De Soja Bitarwan 5 Litros.,8990.0,https://articulo.mercadolibre.com.ar/MLA-1160632571-salsa-de-soja-bitarwan-5-litros-_JM
516,Teriyaki Tau Delta X 320 Gr Caja X 10 Unidades,14000.0,https://www.mercadolibre.com.ar/teriyaki-tau-delta-x-320-gr-caja-x-10-unidades/p/MLA24836657
517,Pack X 12 Salsa De Soja Bitarwan Tradicional X 250 Ml,8153.0,https://www.mercadolibre.com.ar/pack-x-12-salsa-de-soja-bitarwan-tradicional-x-250-ml/p/MLA26712850
518,Salsa De Soja - Agiibo - Calidad Superior 1 Lt.,2508.0,https://articulo.mercadolibre.com.ar/MLA-1434407748-salsa-de-soja-agiibo-calidad-superior-1-lt-_JM
519,Salsa De Soja Cepera Sin Tacc 150 Ml,2265.0,https://articulo.mercadolibre.com.ar/MLA-1152308383-salsa-de-soja-cepera-sin-tacc-150-ml-_JM
520,"Salsa De Soja Haday Premium 4,9 L.",18375.0,https://articulo.mercadolibre.com.ar/MLA-1470950954-salsa-de-soja-haday-premium-49-l-_JM
521,Salsa De Soja Hinomoto X 500 Ml Tradicional,2235.0,https://articulo.mercadolibre.com.ar/MLA-853490582-salsa-de-soja-hinomoto-x-500-ml-tradicional-_JM
522,Salsa Hoisin Lee Kum Kee 397 Gr,5867.0,https://articulo.mercadolibre.com.ar/MLA-777631472-salsa-hoisin-lee-kum-kee-397-gr-_JM
523,Salsa De Soja Tradicional -  Fumeiga - 5 Lts.,7390.0,https://articulo.mercadolibre.com.ar/MLA-1428237924-salsa-de-soja-tradicional-fumeiga-5-lts-_JM
524,Salsa De Soja Tipo Tradicional Shoyu Organica Soja Y Trigo,3100.0,https://articulo.mercadolibre.com.ar/MLA-883410862-salsa-de-soja-tipo-tradicional-shoyu-organica-soja-y-trigo-_JM
525,Salsa De Soja 450ml Sakanashi,1899.0,https://articulo.mercadolibre.com.ar/MLA-1346977575-salsa-de-soja-450ml-sakanashi-_JM
526,Salsa Golf Benidorm Bolsa X 2900 Cc,2100.0,https://articulo.mercadolibre.com.ar/MLA-686618805-salsa-golf-benidorm-bolsa-x-2900-cc-_JM
527,Salsa De Soja Fincas Arezzo X500ml ,1623.04,https://articulo.mercadolibre.com.ar/MLA-1419387810-salsa-de-soja-fincas-arezzo-x500ml-_JM
528,Salsa Teriyaki Cepera 270ml.,6000.0,https://articulo.mercadolibre.com.ar/MLA-1368283509-salsa-teriyaki-cepera-270ml-_JM
529,Salsa De Soja La Parmesana Clasica 12x300ml,12060.63,https://articulo.mercadolibre.com.ar/MLA-1345222666-salsa-de-soja-la-parmesana-clasica-12x300ml-_JM
530,Salsa De Soja En Blíster 40gr X 180u Sushi Comida Japonesa,15047.0,https://articulo.mercadolibre.com.ar/MLA-1498219156-salsa-de-soja-en-blister-40gr-x-180u-sushi-comida-japonesa-_JM
531,Salsa Tonkatsu Hashi 250ml,1500.0,https://articulo.mercadolibre.com.ar/MLA-789379423-salsa-tonkatsu-hashi-250ml-_JM
532,Salsa De Soja Fumeiga Estilo Japones 1lt,3160.0,https://articulo.mercadolibre.com.ar/MLA-1341746861-salsa-de-soja-fumeiga-estilo-japones-1lt-_JM
533,Salsa De Soja Extra Bitarwan  X 250 Ml,1430.0,https://www.mercadolibre.com.ar/salsa-de-soja-extra-bitarwan-x-250-ml/p/MLA24296759
534,Salsa De Soja Tahiti,4000.0,https://articulo.mercadolibre.com.ar/MLA-1390472889-salsa-de-soja-tahiti-_JM
535,Salsa De Garbanzo Tipo Shoyu Sin Soja - Garbanzo Koji Yamani,2950.0,https://articulo.mercadolibre.com.ar/MLA-1500759216-salsa-de-garbanzo-tipo-shoyu-sin-soja-garbanzo-koji-yamani-_JM
536,Salsa De Soja Sakanashi 5 L,9000.0,https://articulo.mercadolibre.com.ar/MLA-1126758632-salsa-de-soja-sakanashi-5-l-_JM
